rent,rooms,bathrooms,sqft,address
490000,2,2,1150,"226 N Clinton St #117, Chicago, IL 60661"
395000,2,2,1188,"4745 N Ravenswood Ave #106, Chicago, IL 60640"
190000,1,1,950,"2909 N Sheridan Rd #604, Chicago, IL 60657"
669000,2,2,1500,"424 W Armitage Ave Apt E, Chicago, IL 60614"
549000,3,3,2100,"1510 W Grand Ave Unit 1E, Chicago, IL 60642"
385000,2,2,1039,"933 W Van Buren St #521, Chicago, IL 60607"
205000,4,4,1100,"1807 W Marquette Rd, Chicago, IL 60636"
435000,2,2,3049,"1530 S State St #501, Chicago, IL 60605"
540000,3,3,1367,"Sign in for address, Chicago, IL 60610"
615000,7,7,1750,"3342 S Aberdeen St, Chicago, IL 60608"
205000,2,2,3750,"2446 W Berwyn Ave Unit 2S, Chicago, IL 60625"
315000,1,1,1200,"744 N May St #202, Chicago, IL 60642"
274000,2,2,800,"2238 W Wilson Ave Unit 3S, Chicago, IL 60625"
415000,3,3,650,"1435 N Rockwell St #1, Chicago, IL 60622"
307500,1,1,1000,"70 W Burton Pl Unit 2301F, Chicago, IL 60610"
1995000,3,3,1400,"Sign in for address, Chicago, IL 60611"
519900,2,2,3200,"312 N May St Unit 4I, Chicago, IL 60607"
299000,2,2,1000,"7133 W 73rd St, Chicago, IL 60638"
475000,2,2,1500,"600 N Kingsbury St #1411, Chicago, IL 60654"
765000,3,3,1337,"1870 N Oakley Ave, Chicago, IL 60647"
345000,4,4,6700,"9200 S Greenwood Ave, Chicago, IL 60619"
285000,4,4,1160,"1219 E 53rd St., Unit 2E, Chicago, IL 60615"
205000,3,3,2250,"1540 E 67th Pl Unit GE, Chicago, IL 60637"
1024900,3,3,1270,"1400 W Monroe St Unit 3D, Chicago, IL 60607"
850000,5,5,1896,"3256 S Prairie Ave, Chicago, IL 60616"
120000,2,2,3550,"3441 W Bryn Mawr Ave Unit G-W, Chicago, IL 60659"
439900,1,1,1625,"909 W Washington Blvd #704, Chicago, IL 60607"
629000,4,4,1700,"3616 N Albany Ave, Chicago, IL 60618"
425000,2,2,1843,"511 W Division St #806, Chicago, IL 60610"
299900,5,5,3100,"12100 S Perry Ave, Chicago, IL 60628"
269000,3,3,2966,"Sign in for address, Chicago, IL 60620"
740000,4,4,850,"2513 N Marshfield Ave, Chicago, IL 60614"
199900,2,2,975,"8405 S Hamilton Ave S, Chicago, IL 60620"
270000,2,2,1196,"3560 S Giles Ave S Unit G, Chicago, IL 60653"
699000,9,9,2537,"5144 W Cornelia Ave, Chicago, IL 60641"
60000,1,1,800,"7337 S South Shore Dr #408, Chicago, IL 60649"
225000,4,4,5987,"3041 W 5th Ave, Chicago, IL 60612"
269000,8,8,4475,"2344 S Ridgeway Ave, Chicago, IL 60623"
299000,3,3,1675,"10231 S Rhodes Ave, Chicago, IL 60628"
325000,1,1,1330,"14 N Sangamon St #206, Chicago, IL 60607"
209000,3,3,3125,"12876 S Green St, Chicago, IL 60643"
300000,1,1,1674,"600 S Dearborn St #201, Chicago, IL 60605"
289900,3,3,3750,"2828 W 84th Pl, Chicago, IL 60652"
659000,3,3,1008,"200 E Delaware Pl Unit 7F, Chicago, IL 60611"
249000,3,3,3689,"9220 S Laflin St, Chicago, IL 60620"
270000,3,3,1214,"10548 S Eberhart Ave, Chicago, IL 60628"
549500,4,4,1226,"3805 N Kimball Ave, Chicago, IL 60618"
129900,6,6,4800,"7159 S Winchester Ave, Chicago, IL 60636"
279000,3,3,3869,"2226 W Monroe St #1, Chicago, IL 60612"
310000,3,3,5106,"3651 W 55th Pl, Chicago, IL 60629"
485000,2,2,1550,"2533 N Halsted St Unit 1N, Chicago, IL 60614"
719000,5,5,1486,"6332 S Evans Ave, Chicago, IL 60637"
199900,2,2,1650,"7516 N Damen Ave #2, Chicago, IL 60645"
320000,5,5,3789,"4930 S Maplewood Ave, Chicago, IL 60632"
875000,3,3,1300,"2331 N Leavitt St #1, Chicago, IL 60647"
247000,4,4,4338,"9622 S Avalon Ave, Chicago, IL 60628"
725000,3,3,900,"2957 W Cornelia Ave #1, Chicago, IL 60618"
149400,2,2,1250,"5203 S Calumet Ave Unit 1D, Chicago, IL 60615"
149900,3,3,3800,"13934 S Manistee Ave, Burnham, IL 60633"
699900,4,4,3750,"5015 N Mobile Ave, Chicago, IL 60630"
1950000,9,9,1350,"4730 W Grace St, Chicago, IL 60641"
179000,3,3,1800,"208 E 87th St, Chicago, IL 60619"
359900,2,2,2400,"5 E 14th Pl #1606, Chicago, IL 60605"
405000,5,5,1651,"411 E 60th St, Chicago, IL 60637"
175000,7,7,4678,"6352 S Campbell Ave, Chicago, IL 60629"
389000,4,4,1158,"4443 S Indiana Ave Unit 1S, Chicago, IL 60653"
799000,8,8,4440,"4431 N Central Park Ave, Chicago, IL 60625"
545000,5,5,1344,"3105 N Major Ave, Chicago, IL 60634"
950000,5,5,6250,"2756 W Chicago Ave, Chicago, IL 60622"
575000,4,4,2935,"7538 W Foster Ave, Chicago, IL 60656"
189900,1,1,800,"5415 N Sheridan Rd #2705, Chicago, IL 60640"
1600000,16,16,3000,"3913 N Central Ave, Chicago, IL 60634"
579000,6,6,7126,"6150 W Patterson Ave, Chicago, IL 60634"
549900,11,11,965,"5954 W Wrightwood Ave, Chicago, IL 60639"
259000,3,3,2291,"3046 W 54th Pl, Chicago, IL 60632"
269900,4,4,4138,"7219 S Ellis Ave, Chicago, IL 60620"
199900,1,1,3920,"5415 N Sheridan Rd #3514, Chicago, IL 60640"
159900,6,6,1200,"5840 S Artesian Ave, Chicago, IL 60629"
499900,5,5,3125,"5137 W Waveland Ave, Chicago, IL 60641"
125000,1,1,1888,"200 Ridge Ave Unit 1E, Evanston, IL 60202"
196999,3,3,3750,"7223 S Peoria St, Chicago, IL 60621"
100000,1,1,4284,"1538 N Rockwell St Unit 1F, Chicago, IL 60622"
295000,2,2,700,"5832 S Stony Island Ave Unit 9B, Chicago, IL 60637"
325000,4,4,1149,"12158 S Union Ave, Chicago, IL 60628"
270000,4,4,3125,"331 E 82nd St, Chicago, IL 60619"
395000,2,2,1640,"1919 S State St #1, Chicago, IL 60616"
410000,3,3,4536,"2636 W 36th St, Chicago, IL 60632"
1250000,4,4,800,"2423 W Pensacola Ave, Chicago, IL 60618"
260000,1,1,1248,"1372 E 57th St #1, Chicago, IL 60637"
145000,3,3,866,"8055 S Colfax Ave, Chicago, IL 60617"
749000,5,5,1427,"4614 N Kenton Ave, Chicago, IL 60630"
268000,3,3,3000,"4010 S Western Ave #2, Chicago, IL 60609"
229900,2,2,7840,"141 Asbury Ave Unit 3N, Evanston, IL 60202"
324500,2,2,1440,"161 W Harrison St #406, Chicago, IL 60605"
195000,2,2,1480,"3209 W Argyle St Unit G, Chicago, IL 60625"
119000,1,1,3125,"7019 N Ridge Blvd Unit 3B, Chicago, IL 60645"
169000,2,2,3123,"1131 E 61st St #3, Chicago, IL 60637"
799000,8,8,900,"4015 N Paulina St, Chicago, IL 60613"
299000,1,1,1201,"33 W Delaware Pl Unit 23J, Chicago, IL 60610"
255000,1,1,3875,"1 E Scott St #409, Chicago, IL 60610"
424900,3,3,1500,"8300 W Maple Ave, Norridge, IL 60706"
579900,3,3,5000,"5151 N La Crosse Ave, Chicago, IL 60630"
515000,2,2,4000,"500 W Superior St #1111, Chicago, IL 60654"
525000,2,2,3750,"1727 N Mohawk St Unit 2N, Chicago, IL 60614"
430000,7,7,1256,"7008 S King Dr, Chicago, IL 60637"
339900,4,4,3049,"4326 S Talman Ave, Chicago, IL 60632"
339900,4,4,1350,"8812 S Union Ave, Chicago, IL 60620"
485000,4,4,3125,"Sign in for address, Chicago, IL 60630"
279900,3,3,1843,"8825 S Hermitage Ave, Chicago, IL 60620"
499900,2,2,3125,"3241 N Seminary Ave #2, Chicago, IL 60657"
275000,6,6,2397,"6555 S Green St, Chicago, IL 60621"
224900,3,3,3750,"8804 S Fairfield Ave, Evergreen Park, IL 60805"
425000,16,16,1650,"5114 W Van Buren St, Chicago, IL 60644"
145000,1,1,8600,"3756 N Bernard St Unit 3756-1, Chicago, IL 60618"
450000,4,4,4059,"3714 W Cortland St, Chicago, IL 60647"
93500,6,6,2250,"8830 S Exchange Ave, Chicago, IL 60617"
389000,2,2,7500,"345 W Fullerton Pkwy #1904, Chicago, IL 60614"
159500,3,3,1250,"10151 S Avenue M, Chicago, IL 60617"
515000,3,3,3484,"4135 N Sacramento Ave, Chicago, IL 60618"
815000,3,3,1177,"550 N Saint Clair St #1703, Chicago, IL 60611"
638000,3,3,4965,"45 E 23rd St, Chicago, IL 60616"
485000,2,2,650,"1629 S Prairie Ave #1203, Chicago, IL 60616"
275000,1,1,5280,"2310 W Nelson St #307, Chicago, IL 60618"
529900,5,5,3049,"5134 N Saint Louis Ave, Chicago, IL 60625"
799000,4,4,1150,"844 W Agatite Ave Unit 2W, Chicago, IL 60640"
930000,3,3,1650,"1543 N Wieland St Unit 2S, Chicago, IL 60610"
305000,4,4,1071,"6141 S Meade Ave, Chicago, IL 60638"
189900,1,1,3120,"212 W Washington St #2013, Chicago, IL 60606"
310000,3,3,1430,"7324 N Bell Ave #2, Chicago, IL 60645"
80000,2,2,760,"9221 S Avalon Ave, Chicago, IL 60619"
975000,3,3,2250,"360 W Illinois St #619, Chicago, IL 60654"
389000,2,2,1200,"3359 N Clifton Ave #1, Chicago, IL 60657"
299900,2,2,1275,"3505 S Morgan St S #201, Chicago, IL 60609"
149900,2,2,1230,"4721 W 84th Pl, Chicago, IL 60652"
159900,1,1,900,"4250 N Marine Dr #1028, Chicago, IL 60613"
899000,4,4,2700,"3631 N Pine Grove Ave Unit B, Chicago, IL 60613"
359900,3,3,1531,"5034 W Wilson Ave, Chicago, IL 60630"
1400000,5,5,3500,"2817 N Francisco Ave, Chicago, IL 60618"
274900,3,3,3149,"4435 S Leamington Ave, Chicago, IL 60638"
369900,2,2,1080,"660 W Wayman St #502, Chicago, IL 60661"
1075000,3,3,730,"60 E Monroe St #3901, Chicago, IL 60603"
899888,4,4,1750,"1409 S Clark St, Chicago, IL 60605"
370000,4,4,4000,"1218 W 98th St, Chicago, IL 60643"
399900,8,8,2200,"6909 S Indiana Ave, Chicago, IL 60637"
475000,2,2,4151,"420 W Ontario St #305, Chicago, IL 60654"
650000,3,3,3920,"3838 N Sheffield Ave #101, Chicago, IL 60613"
325000,1,1,1355,"345 N La Salle St #2803, Chicago, IL 60654"
210000,2,2,800,"5200 S Drexel Ave Unit 3W, Chicago, IL 60615"
175000,2,2,2500,"4907 N Harlem Ave N #3, Chicago, IL 60656"
1395000,2,2,810,"401 N Wabash Ave Unit 65D, Chicago, IL 60611"
125900,7,7,1100,"1523 S Homan Ave, Chicago, IL 60623"
370000,2,2,1000,"400 N Lasalle Dr #1507, Chicago, IL 60610"
355000,2,2,2022,"1224 W Van Buren St #621, Chicago, IL 60607"
339000,1,1,1015,"Sign in for address, Chicago, IL 60661"
779000,5,5,1067,"5032 S Michigan Ave, Chicago, IL 60615"
439500,2,2,1248,"3660 N Lake Shore Dr #1501, Chicago, IL 60613"
439500,2,2,798,"3660 N Lake Shore Dr #1513, Chicago, IL 60613"
110000,4,4,3100,"2831 E 76th Pl, Chicago, IL 60649"
245000,1,1,4000,"111 W Maple St #2508, Chicago, IL 60610"
575000,5,5,1396,"1721 W 100th Pl, Chicago, IL 60643"
385000,2,2,2439,"5061 N Kenmore Ave #3, Chicago, IL 60640"
700000,2,2,650,"1030 N State St Unit 43L, Chicago, IL 60610"
354500,4,4,1200,"3935 W 67th Place Pl, Chicago, IL 60629"
399900,3,3,3750,"6301 W Higgins Ave, Chicago, IL 60630"
318000,2,2,1441,"916 W Fullerton Ave #3, Chicago, IL 60614"
785000,3,3,1050,"3711 N Janssen Ave #1, Chicago, IL 60613"
199950,2,2,1175,"1033 N Harding Ave, Chicago, IL 60651"
239900,2,2,923,"5932 W 64th Pl W, Chicago, IL 60638"
849000,5,5,1100,"5514 N Glenwood Ave N, Chicago, IL 60640"
165000,2,2,3750,"11345 S Ada St, Chicago, IL 60643"
424900,2,2,3500,"437 W Division St #511, Chicago, IL 60610"
609999,15,15,500,"4245 W Maypole Ave, Chicago, IL 60624"
159900,3,3,3125,"11943 S Princeton Ave, Chicago, IL 60628"
599900,2,2,1033,"125 S Green St Unit 501A, Chicago, IL 60607"
294900,4,4,7161,"5521 S Albany Ave, Chicago, IL 60629"
289000,1,1,842,"1250 S Michigan Ave #1504, Chicago, IL 60605"
235000,2,2,849,"3150 N Neva Ave Unit 3A, Chicago, IL 60634"
949000,4,4,850,"1813 N Sawyer Ave #1, Chicago, IL 60647"
419900,8,8,1065,"5036 W Congress Pkwy, Chicago, IL 60644"
370000,1,1,850,"130 N Garland Ct #2010, Chicago, IL 60602"
189900,3,3,1040,"11521 S Stewart Ave, Chicago, IL 60628"
735000,5,5,3200,"6924 N Oriole Ave, Chicago, IL 60631"
1399000,6,6,5412,"1625 W Winona St, Chicago, IL 60640"
799000,3,3,900,"1229 W Carmen Ave #2, Chicago, IL 60640"
1050000,3,3,1300,"1212 N Lake Shore Dr Unit 25AS, Chicago, IL 60610"
399900,2,2,800,"1455 N Sandburg Ter Unit 2709B, Chicago, IL 60610"
230000,3,3,3000,"9842 S Winston Ave, Chicago, IL 60643"
400000,2,2,3990,"873 N Larrabee St #708, Chicago, IL 60610"
369000,4,4,1267,"3727 N Page Ave, Chicago, IL 60634"
409000,2,2,3750,"160 E Illinois St #907, Chicago, IL 60611"
599999,3,3,4065,"2032 W Augusta Blvd #1, Chicago, IL 60622"
119900,1,1,3125,"1714 W Touhy Ave Unit A1N, Chicago, IL 60626"
550000,2,2,2050,"905 N Kingsbury St #905, Chicago, IL 60610"
385000,3,3,2150,"4927 N Clifton Ave, Norridge, IL 60706"
525000,1,1,801,"600 N Lake Shore Dr #4107, Chicago, IL 60611"
369900,2,2,1226,"1070 W 15th St #202, Chicago, IL 60608"
760000,1,1,1224,"340 E Randolph St #1205, Chicago, IL 60601"
329900,4,4,1730,"5245 S Kolmar Ave, Chicago, IL 60632"
1599000,4,4,3780,"15 N Ada St, Chicago, IL 60607"
201500,5,5,3000,"8918 S Paulina St, Chicago, IL 60620"
574999,3,3,1890,"1111 S State St #701, Chicago, IL 60605"
359000,2,2,1900,"1133 S Wabash Ave #207, Chicago, IL 60605"
849000,5,5,1750,"3257 N Oakley Ave, Chicago, IL 60618"
339900,2,2,1200,"1464 S Michigan Ave #802, Chicago, IL 60605"
314900,5,5,2613,"8136 S Winchester Ave, Chicago, IL 60620"
349900,3,3,1000,"3438 N Harlem Ave #2, Chicago, IL 60634"
417000,2,2,765,"1250 S Indiana Ave #903, Chicago, IL 60605"
350000,2,2,1250,"500 W Superior St #604, Chicago, IL 60654"
330000,6,6,3565,"8251 S May St, Chicago, IL 60620"
325000,2,2,1500,"4453 N Paulina St Unit D3, Chicago, IL 60640"
229900,1,1,4375,"235 W Van Buren St #1517, Chicago, IL 60607"
359900,2,2,1200,"5625 N Wayne Ave Unit A2, Chicago, IL 60660"
273900,2,2,1500,"6129 S Mason Ave, Chicago, IL 60638"
125000,2,2,1149,"739 W 129th Pl, Chicago, IL 60628"
635000,4,4,3101,"4412 S Oakenwald Ave, Chicago, IL 60653"
360000,2,2,750,"4442 N Dover St Unit 3N, Chicago, IL 60640"
430000,5,5,1100,"22 S Austin Blvd, Oak Park, IL 60304"
405000,2,2,6624,"1601 S Indiana Ave #110, Chicago, IL 60616"
283000,3,3,877,"7720 S Marshfield Ave, Chicago, IL 60620"
539000,2,2,978,"1760 N Wells St Unit 1B, Chicago, IL 60614"
335000,1,1,4725,"1560 N Sandburg Ter Unit 4201J, Chicago, IL 60610"
425000,3,3,2995,"2322 S Hoyne Ave, Chicago, IL 60608"
1349900,4,4,1200,"1309 S Indiana Ave, Chicago, IL 60605"
259000,2,2,3484,"24 S Leavitt St Unit B, Chicago, IL 60612"
180000,0,0,3000,"777 N Michigan Ave #1802, Chicago, IL 60611"
549000,4,4,1400,"3245 W Cortez St, Chicago, IL 60651"
775000,11,11,2246,"5124 S Prairie Ave, Chicago, IL 60615"
175000,1,1,600,"233 E Erie St #902, Chicago, IL 60611"
315000,5,5,1880,"1518 E 73rd Pl, Chicago, IL 60619"
1099000,6,6,5227,"3327 W Glenlake Ave, Chicago, IL 60659"
289000,2,2,3800,"4936 N Winthrop Ave Unit 1W, Chicago, IL 60640"
440000,2,2,8276,"615 N Noble St Unit 3N, Chicago, IL 60642"
355000,4,4,1200,"8031 S Michigan Ave, Chicago, IL 60619"
1150000,5,5,1050,"4037 N Troy St, Chicago, IL 60618"
329000,2,2,2400,"801 S Wells St #503, Chicago, IL 60607"
489000,2,2,3125,"848 W Erie St #2, Chicago, IL 60642"
969000,4,4,3900,"1515 S Prairie Ave #1013, Chicago, IL 60605"
1180000,3,3,2757,"367 W Superior St Unit B, Chicago, IL 60654"
319900,1,1,1500,"720 N Larrabee St #1703, Chicago, IL 60654"
419000,2,2,2061,"2045 N Larrabee St #7207, Chicago, IL 60614"
1199000,3,3,6098,"835 N Wood St Unit 102-202, Chicago, IL 60622"
584000,4,4,3300,"3649 S Giles Ave, Chicago, IL 60653"
335000,1,1,813,"1660 N La Salle Dr #3405, Chicago, IL 60614"
669000,2,2,2750,"910 S Michigan Ave #304, Chicago, IL 60605"
389000,2,2,1878,"130 S Canal St #705, Chicago, IL 60606"
319000,2,2,800,"235 W Van Buren St #2313, Chicago, IL 60607"
374900,2,2,1750,"728 W Jackson Blvd #1104, Chicago, IL 60661"
669000,3,3,1750,"100 E 14th St #1001, Chicago, IL 60605"
260000,2,2,750,"4343 N Clarendon Ave #1102, Chicago, IL 60613"
560000,2,2,1438,"195 N Harbor Dr #904, Chicago, IL 60601"
599900,4,4,1667,"2327 W 19th St, Chicago, IL 60608"
381800,11,11,927,"7910 S Greenwood Ave, Chicago, IL 60619"
220000,1,1,1150,"1000 E 53rd St Unit 519S, Chicago, IL 60615"
445000,2,2,1275,"888 S Michigan Ave #401, Chicago, IL 60605"
1399000,6,6,2613,"2500 N Mozart St, Chicago, IL 60647"
200000,3,3,3049,"9624 S Wallace St, Chicago, IL 60628"
390000,2,2,675,"1111 S Wabash Ave #2501, Chicago, IL 60605"
575000,3,3,1573,"3051 W Armitage Ave Unit 3W, Chicago, IL 60647"
540000,4,4,1817,"5750 S Merrimac Ave, Chicago, IL 60638"
599000,4,4,4356,"2106 N Whipple St, Chicago, IL 60647"
1249000,2,2,1200,"474 N Lake Shore Dr #6003, Chicago, IL 60611"
319000,1,1,3484,"1850 N Clark St #2202, Chicago, IL 60614"
3095000,7,7,2005,"2309 N Geneva Ter, Chicago, IL 60614"
70000,3,3,800,"617 W 129th Pl, Chicago, IL 60628"
429999,6,6,8000,"7408 S Emerald Ave, Chicago, IL 60621"
169900,1,1,2574,"2809 W Washington Blvd #101, Chicago, IL 60612"
339000,3,3,1083,"2057 W Fargo Ave #1, Chicago, IL 60645"
339900,8,8,9247,"5323 S Emerald Ave, Chicago, IL 60609"
499900,2,2,5662,"233 E 13th St #601, Chicago, IL 60605"
213000,0,0,3049,"33 W Ontario St Unit 15D, Chicago, IL 60654"
649000,6,6,1420,"4451 N Tripp Ave, Chicago, IL 60630"
445000,1,1,1290,"60 E Monroe St #3905, Chicago, IL 60603"
575000,3,3,1573,"3051 W Armitage Ave Unit 3W, Chicago, IL 60647"
540000,4,4,1817,"5750 S Merrimac Ave, Chicago, IL 60638"
599000,4,4,4356,"2106 N Whipple St, Chicago, IL 60647"
1249000,2,2,1200,"474 N Lake Shore Dr #6003, Chicago, IL 60611"
319000,1,1,3484,"1850 N Clark St #2202, Chicago, IL 60614"
3095000,7,7,2005,"2309 N Geneva Ter, Chicago, IL 60614"
70000,3,3,800,"617 W 129th Pl, Chicago, IL 60628"
429999,6,6,8000,"7408 S Emerald Ave, Chicago, IL 60621"
169900,1,1,2574,"2809 W Washington Blvd #101, Chicago, IL 60612"
339000,3,3,1083,"2057 W Fargo Ave #1, Chicago, IL 60645"
339900,8,8,9247,"5323 S Emerald Ave, Chicago, IL 60609"
499900,2,2,5662,"233 E 13th St #601, Chicago, IL 60605"
213000,0,0,3049,"33 W Ontario St Unit 15D, Chicago, IL 60654"
649000,6,6,1420,"4451 N Tripp Ave, Chicago, IL 60630"
445000,1,1,1290,"60 E Monroe St #3905, Chicago, IL 60603"
575000,3,3,1573,"3051 W Armitage Ave Unit 3W, Chicago, IL 60647"
540000,4,4,1817,"5750 S Merrimac Ave, Chicago, IL 60638"
599000,4,4,4356,"2106 N Whipple St, Chicago, IL 60647"
1249000,2,2,1200,"474 N Lake Shore Dr #6003, Chicago, IL 60611"
319000,1,1,3484,"1850 N Clark St #2202, Chicago, IL 60614"
3095000,7,7,2005,"2309 N Geneva Ter, Chicago, IL 60614"
70000,3,3,800,"617 W 129th Pl, Chicago, IL 60628"
429999,6,6,8000,"7408 S Emerald Ave, Chicago, IL 60621"
169900,1,1,2574,"2809 W Washington Blvd #101, Chicago, IL 60612"
339000,3,3,1083,"2057 W Fargo Ave #1, Chicago, IL 60645"
339900,8,8,9247,"5323 S Emerald Ave, Chicago, IL 60609"
499900,2,2,5662,"233 E 13th St #601, Chicago, IL 60605"
213000,0,0,3049,"33 W Ontario St Unit 15D, Chicago, IL 60654"
649000,6,6,1420,"4451 N Tripp Ave, Chicago, IL 60630"
445000,1,1,1290,"60 E Monroe St #3905, Chicago, IL 60603"
180000,3,3,1200,"13726 Repa Ln, Houston, TX 77014"
359999,6,6,4800,"9415 Limestone Ranch Ln, Richmond, TX 77407"
249999,4,4,3014,"8934 Delilah St, Houston, TX 77033"
399000,4,4,7850,"24715 Nautical Mile Ln, Katy, TX 77494"
515000,4,4,1246,"2211 Purple Plum Ln, Houston, TX 77062"
275000,2,2,6435,"1711 Old Spanish Trl #433, Houston, TX 77054"
327500,2,2,2934,"1704 Aden Mist Dr, Houston, TX 77003"
557000,3,3,6781,"803 Vincent St, Houston, TX 77009"
337000,3,3,2952,"6729 Tournament Dr, Houston, TX 77069"
425000,3,3,9528,"620 Kelley St, Houston, TX 77009"
1125000,4,4,1224,"1545 Cortlandt St, Houston, TX 77008"
389900,3,3,1610,"10402 Indian Paintbrush Ln, Houston, TX 77095"
319900,5,5,1727,"14843 Estrellita Dr, Houston, TX 77060"
255000,3,3,1310,"5935 Santa Bernadetta, Houston, TX 77017"
119900,2,2,5000,"250 El Dorado Blvd #129, Houston, TX 77598"
99990,2,2,2159,"9538 Pagewood Ln #9583, Houston, TX 77063"
459000,4,4,3500,"7310 Ridge Oak Dr, Houston, TX 77088"
439900,3,3,1333,"3905 Pinemont Dr Unit F, Houston, TX 77018"
284990,3,3,5300,"9611 Berlin Ct, Houston, TX 77070"
579500,4,4,2321,"814 Silvergate Dr, Houston, TX 77079"
275000,4,4,6600,"3019 Jewel Ann St, Houston, TX 77082"
399500,4,4,2346,"3419 Shadowchase Dr, Houston, TX 77082"
239500,3,3,9060,"11603 Leader St, Houston, TX 77072"
219500,3,3,2096,"11022 Concho St, Houston, TX 77072"
599000,3,3,6825,"1845 Wycliffe Dr, Houston, TX 77043"
228500,3,3,1631,"11127 Triola Ln, Houston, TX 77072"
674900,3,3,3045,"807 Graceland St, Houston, TX 77009"
575000,4,4,1001,"7511 Lone Star Junction St, Richmond, TX 77406"
145000,2,2,1224,"12300 Brookglade Cir #103, Houston, TX 77099"
539000,5,5,2870,"13027 Breezy Meadow Ln, Houston, TX 77044"
324900,3,3,8056,"9203 Fordshire Dr, Houston, TX 77025"
245000,3,3,1907,"9322 Belleclaire Ln, Houston, TX 77044"
204900,3,3,1631,"9215 Vinearbor St, Houston, TX 77033"
460000,4,4,9512,"4606 Vernon St BLANK Unit B, Houston, TX 77020"
460000,4,4,2713,"4606 Vernon St Unit A, Houston, TX 77020"
270000,3,3,9331,"11918 Estes Park Lane Ln, Houston, TX 77067"
519900,4,4,1931,"5519 W Bellfort Ave, Houston, TX 77035"
434800,4,4,4527,"13823 Lake Livingston Dr, Houston, TX 77044"
335000,3,3,2532,"8831 Cedar Mound Ln, Houston, TX 77083"
375000,2,2,7188,"125 E 2nd St, Houston, TX 77007"
449895,4,4,2309,"7725 Green Lawn Dr, Houston, TX 77088"
230000,2,2,6370,"2016 Main St #704, Houston, TX 77002"
409990,4,4,1169,"906 Heathgate Dr, Houston, TX 77062"
325000,3,3,2447,"5922 Ettrick Dr, Houston, TX 77035"
249900,3,3,7540,"10307 Bushy Creek Dr, Houston, TX 77070"
287900,4,4,1704,"19906 Ruby Red Ct, Houston, TX 77073"
256500,3,3,8520,"15802 Acorn Clearing Path Path, Houston, TX 77044"
1997500,4,4,1291,"2220 Woodhead St, Houston, TX 77019"
399000,4,4,4620,"5612 Savyon Dr, Houston, TX 77091"
545000,4,4,2255,"5803 Queensloch Dr, Houston, TX 77096"
1997500,4,4,5673,"1655 Marshall St, Houston, TX 77006"
399000,3,3,1610,"6026 Willowbend Blvd, Houston, TX 77096"
1994500,4,4,5174,"1815 Marshall St, Houston, TX 77098"
525000,3,3,4679,"3002 Markle Dr, Houston, TX 77003"
574900,3,3,5000,"4909 Park Dr, Houston, TX 77023"
264999,1,1,2300,"300 St Joseph Pkwy #317, Houston, TX 77002"
259900,3,3,2311,"3022 Greenbriar Springs Dr, Houston, TX 77073"
409500,4,4,2225,"8815 Hollister Square Ct, Houston, TX 77080"
249532,3,3,9321,"10307 Elk Point Ln, Houston, TX 77064"
450000,4,4,4614,"13822 Viewfield Ct, Houston, TX 77059"
469900,4,4,6300,"4606 Omeara Dr Dr, Houston, TX 77035"
352500,3,3,2150,"12800 Briar Forest Dr #40, Houston, TX 77077"
499000,8,8,10454.4,"13932 Greenville St, Houston, TX 77015"
499700,3,3,4678,"10419 Westray St, Houston, TX 77043"
545000,3,3,6250,"1913 Hoskins Dr Unit B, Houston, TX 77080"
547000,4,4,2073,"12315 S Shadow Cove Dr, Houston, TX 77082"
169900,2,2,1895,"7105 Lavender St, Houston, TX 77016"
245000,4,4,2045,"5415 Evergreen Canyon Rd, Houston, TX 77066"
319000,4,4,8000,"15203 Mission Oak Dr, Houston, TX 77083"
235000,3,3,946,"12009 Poulson Dr, Houston, TX 77031"
1649000,4,4,1943,"939 Redan St, Houston, TX 77009"
315000,2,2,6954,"3505 Sage Rd #1410, Houston, TX 77056"
250000,3,3,2157,"830 Grand Plains Dr, Houston, TX 77090"
474999,3,3,2013,"1627 Westside Gardens Ln, Houston, TX 77055"
1189500,3,3,1440,"2617 Morrison St, Houston, TX 77009"
367000,4,4,6300,"5426 Casa Martin Dr, Katy, TX 77449"
194900,2,2,2874,"1535 Silverpines Rd, Houston, TX 77062"
529900,6,6,7820,"5222 Pershing St, Houston, TX 77033"
215000,2,2,2721,"2515 Bering Dr #1, Houston, TX 77057"
1290000,4,4,11325.6,"221 W 23rd St, Houston, TX 77008"
374000,3,3,2314,"3001 Bolt St, Houston, TX 77051"
1290000,4,4,8792,"219 W 23rd St, Houston, TX 77008"
334900,2,2,3381,"1120 Texas St Unit 6C, Houston, TX 77002"
250000,3,3,3275,"20606 Marilyn Ln, Spring, TX 77388"
270000,3,3,1405,"15839 Clayton Bend Dr, Houston, TX 77082"
798000,4,4,1200,"5031 Braesheather Dr, Houston, TX 77096"
637200,3,3,19602.0,"5304 Lambeth Riverside Dr, Houston, TX 77091"
120000,3,3,1782,"9515 Windswept Ln #9515, Houston, TX 77063"
340000,4,4,7530,"11507 Sagelink Dr, Houston, TX 77089"
1875000,5,5,4401,"2224 Potomac Dr, Houston, TX 77057"
365000,2,2,14374.8,"3505 Sage Road Rd #2309, Houston, TX 77056"
344900,4,4,2700,"16114 Kintyre Point Rd, Houston, TX 77095"
365000,3,3,1672,"3123 Paul Quinn St, Houston, TX 77091"
339000,4,4,2799,"12711 Laurel Falls Ln, Houston, TX 77014"
245000,3,3,8307,"17171 Beaver Springs Dr, Houston, TX 77090"
304900,3,3,5074,"1558 W Tidwell Rd, Houston, TX 77091"
820000,3,3,5390,"1912 Brun St, Houston, TX 77019"
329000,1,1,1422,"5925 Almeda Rd #11704, Houston, TX 77004"
325000,5,5,2622,"13307 Lynnville Dr, Houston, TX 77065"
329900,4,4,6464,"7923 Devlin Dr, Humble, TX 77346"
140000,2,2,1904,"260 El Dorado Blvd #2011, Webster, TX 77598"
389000,3,3,2348,"14143 Hillvale Dr, Houston, TX 77077"
389900,3,3,2453,"5304 Donovan Gardens Ln, Houston, TX 77091"
399900,3,3,6900,"28618 Cabrera Hill Ln, Katy, TX 77494"
419900,3,3,1908,"1605 Halpern St, Houston, TX 77009"
353000,3,3,5940,"17007 Mariners Bay Dr, Houston, TX 77095"
370000,4,4,1486,"16415 Willingham Way, Houston, TX 77095"
239950,4,4,1862,"5958 Kenilwood Dr, Houston, TX 77033"
430000,4,4,3531,"14906 Timberlark Dr, Houston, TX 77070"
959900,4,4,2500,"1501 Crocker St, Houston, TX 77019"
499999,3,3,846,"11119 Savannah Woods Ln, Houston, TX 77043"
1099000,3,3,3176,"1610 Nevada St, Houston, TX 77006"
1399000,5,5,8104,"1317 Shearn St, Houston, TX 77007"
229900,3,3,2795,"8026 Ethel St, Houston, TX 77028"
360000,3,3,8586,"5131 Cripple Creek Dr, Houston, TX 77017"
750000,3,3,855,"6261 Olympia Dr, Houston, TX 77057"
385000,4,4,2348,"10002 Sagemark Dr, Houston, TX 77089"
270000,4,4,4860,"13823 Roman Ridge Ln, Houston, TX 77047"
1395000,3,3,1852,"2336 Welch St, Houston, TX 77019"
599000,3,3,1983,"11121 Savannah Woods Ln, Houston, TX 77043"
199900,3,3,1036,"4814 Maggie St, Houston, TX 77033"
238900,4,4,5720,"1122 Verde Trails Dr, Houston, TX 77073"
355000,4,4,1642,"5411 Old Lodge Dr, Houston, TX 77066"
165000,3,3,3045,"15307 Bedford Glen Dr, Channelview, TX 77530"
695000,5,5,2530,"4807 Pine Heather Ct, Pasadena, TX 77059"
299990,3,3,9165,"9 Wellford St Unit C, Houston, TX 77022"
259900,3,3,1099,"8510 Village Hollow Ln, Houston, TX 77072"
723000,5,5,5663,"7303 & 7307 Charpiot Ln W, Humble, TX 77396"
309990,3,3,3781,"11 Wellford St Unit D, Houston, TX 77022"
275000,4,4,13068.0,"218 Hoffman St, Houston, TX 77020"
400000,3,3,1556,"2020 Mcgowen St #17, Houston, TX 77004"
510000,4,4,1890,"15111 Greenleaf Ln, Houston, TX 77062"
379990,3,3,1326,"3542 Amos St Unit C, Houston, TX 77021"
275000,4,4,4400,"11706 Redbud Creek Ln, Houston, TX 77038"
289000,4,4,2798,"6823 Vickie Springs Ln, Houston, TX 77086"
600000,0,0,1.00,"1518 & 1520 Ridgewood St, Houston, TX 77006"
265000,3,3,1553,"8610 Sandra St, Houston, TX 77016"
405000,6,6,1870,"6019 Haight St, Houston, TX 77028"
443000,4,4,1610,"13602 Berry Springs Dr, Houston, TX 77070"
254990,4,4,6250,"6110 Westover St, Houston, TX 77033"
400000,3,3,2267,"4701 Waycross Dr, Houston, TX 77035"
399500,3,3,1438,"1720 Shannon Valley Dr, Houston, TX 77077"
135000,2,2,3290,"17607 Red Oak Dr #7607, Houston, TX 77090"
425000,4,4,9518,"7435 River Garden Dr, Houston, TX 77095"
267000,3,3,1713,"12803 Maxfield Dr, Houston, TX 77082"
510000,5,5,2500,"8006 Clearwater Xing, Humble, TX 77396"
250000,3,3,1465,"6524 Gillock Meadow Ln, Houston, TX 77048"
289000,2,2,7601,"4109 Lymbar Dr, Houston, TX 77025"
399000,3,3,1919,"1502 S Kirkwood Rd, Houston, TX 77077"
449900,3,3,5250,"98 Drew St Unit D, Houston, TX 77006"
440000,4,4,2525,"14219 Sandhill Crane Dr, Houston, TX 77044"
424000,3,3,5000,"11113 Olympia Dr, Houston, TX 77042"
424000,3,3,1398,"11111 Olympia Dr, Houston, TX 77042"
185000,1,1,7440,"895 Wax Myrtle Ln, Houston, TX 77079"
295000,3,3,3192,"3732 Amos St, Houston, TX 77021"
625000,4,4,8712,"19027 Match Play Dr, Humble, TX 77346"
465000,3,3,3068,"1633 W 23rd St, Houston, TX 77008"
295000,3,3,9373,"3730 Amos St, Houston, TX 77021"
295000,3,3,1870,"3824 Amos St, Houston, TX 77021"
295000,3,3,7912,"3822 Amos St, Houston, TX 77021"
234500,3,3,1266,"7909 Woodlyn Rd, Houston, TX 77028"
295000,3,3,7800,"3818 Mount Pleasant St, Houston, TX 77021"
405000,3,3,1590,"4526 Curtin Park Ct, Houston, TX 77018"
319450,3,3,1839,"454 Buoy Rd, Houston, TX 77598"
3500000,5,5,1407,"5528 Holly Springs Dr, Houston, TX 77056"
749900,4,4,1616,"2350 Central Park Cir, Houston, TX 77059"
315000,3,3,8140,"21322 S Mission Falls Dr, Houston, TX 77095"
1620000,3,3,6951,"1107 Berthea St Unit B, Houston, TX 77006"
499999,3,3,17859.6,"2412 Commerce St, Houston, TX 77003"
569877,3,3,4655,"5334 Kansas St, Houston, TX 77007"
415000,3,3,13068.0,"3406 Tuam St Unit B, Houston, TX 77004"
249999,4,4,1830,"6159 El Granate Dr, Houston, TX 77048"
189900,4,4,5250,"8514 Spaulding St, Houston, TX 77016"
545000,5,5,3664,"4414 N Pine Brook Way, Houston, TX 77059"
565000,2,2,2375,"49 Briar Hollow Ln #406, Houston, TX 77027"
525000,2,2,2273,"5600 Community Dr, Houston, TX 77005"
950000,3,3,1600,"4801 North Main St, Houston, TX 77009"
525000,3,3,1519,"10111 Valley Forge Dr #24, Houston, TX 77042"
630000,3,3,5350,"817 Lester St, Houston, TX 77007"
434999,3,3,1972,"1514 Birdsall St Unit C, Houston, TX 77007"
239000,3,3,2473,"10136 Beekman Place Dr, Houston, TX 77043"
225000,3,3,2080,"11827 Burlingame Dr, Houston, TX 77099"
254000,3,3,5215,"22535 Market Square Ln, Katy, TX 77449"
430000,3,3,1500,"10143 Hanka Dr, Houston, TX 77043"
299900,3,3,8400,"5617 Teague Rd, Houston, TX 77041"
220000,3,3,3703,"15418 Imperial Valley Dr, Houston, TX 77060"
68500,2,2,9675,"2826 S Bartell Dr S #26, Houston, TX 77054"
150000,2,2,1753,"7726 Joplin St, Houston, TX 77087"
315000,3,3,900,"9923 Sageaspen Ln, Houston, TX 77089"
390000,3,3,5800,"1412 Cleveland St Unit C, Houston, TX 77019"
190000,3,3,1302,"9371 Pagewood Ln, Houston, TX 77063"
324000,3,3,12196.8,"7904 Sealey St, Houston, TX 77088"
198000,2,2,2941,"13760 Hollowgreen Dr #506, Houston, TX 77082"
475000,3,3,2457,"716 Hartman St, Houston, TX 77007"
285000,4,4,2444,"14235 Royal Hill Dr, Houston, TX 77083"
389900,4,4,1575,"12103 Oakcroft Dr, Houston, TX 77070"
315000,3,3,1946,"2414 Manila Ln, Houston, TX 77043"
149000,1,1,1450,"3525 Sage Rd #512, Houston, TX 77056"
325000,4,4,1760,"2142 River Village Dr, Kingwood, TX 77339"
340000,4,4,1703,"10610 Lauren Veronica Dr, Houston, TX 77034"
1197000,5,5,5120,"5 Club Oak Ct, Houston, TX 77339"
399990,3,3,15681.6,"5520 Terry St, Houston, TX 77009"
680000,4,4,1745,"15410 Conifer Bay Ct, Houston, TX 77059"
210000,3,3,2500,"6723 Corpus Christi, Houston, TX 77020"
80000,1,1,3508,"12660 Ashford Point Dr #714, Houston, TX 77082"
229000,2,2,10018.8,"10303 Eddystone Dr, Houston, TX 77043"
289900,3,3,1080,"5608 Kittridge St, Houston, TX 77028"
239900,4,4,5000,"15618 Liberty Vista Trl, Houston, TX 77049"
219900,3,3,624,"4011 Erby St, Houston, TX 77087"
569000,3,3,1213,"13931 Carriage Walk Ln, Houston, TX 77077"
1220000,4,4,9375,"12523 Mossycup Dr, Houston, TX 77024"
285000,4,4,1714,"7218 Triola Ln, Houston, TX 77074"
329000,4,4,2383,"8309 Eastover St, Houston, TX 77028"
220000,3,3,2658,"5027 Ridge Manor Dr, Houston, TX 77053"
214900,4,4,4640,"5801 Lumberdale Rd #165, Houston, TX 77092"
895000,6,6,2040,"5503 Honor Dr, Houston, TX 77041"
272000,5,5,6380,"1134 Reedpoint Dr, Houston, TX 77090"
185000,3,3,2604,"7225 Ashburn St, Houston, TX 77061"
1575000,4,4,7548,"1906 Swift Blvd, Houston, TX 77030"
649900,4,4,2948,"1927 Nocturne Ln, Houston, TX 77043"
255000,2,2,13068.0,"5115 Del Monte Dr #2, Houston, TX 77056"
259990,3,3,1721,"12002 Sabine Woods Trl, Houston, TX 77038"
210000,4,4,11325.6,"11014 Kirkmead Dr, Houston, TX 77089"
699000,4,4,1274,"8526 Bright Grove Ct, Houston, TX 77095"
398000,4,4,25264.8,"718 Trademark Pl, Houston, TX 77079"
249990,3,3,1348,"17918 Wolf Hollow Dr, Houston, TX 77084"
205000,4,4,6710,"4922 Paradise Ln, Houston, TX 77048"
395000,3,3,2055,"2909 Caroline St, Houston, TX 77004"
395000,3,3,1374,"1221 Morris St, Houston, TX 77009"
395000,5,5,5308,"16722 Wilsons Creek Ln, Houston, TX 77083"
355000,3,3,11325.6,"2922 Maple Bend Dr, Houston, TX 77345"
339000,5,5,2690,"13814 Fort Nelson Dr, Houston, TX 77083"
250000,4,4,7475,"7744 Sign St, Houston, TX 77489"
238500,3,3,2256,"12414 Lark Fair Ln, Houston, TX 77089"
390000,2,2,27007.2,"1918 Wentworth St, Houston, TX 77004"
259900,1,1,3541,"7447 Cambridge St #97, Houston, TX 77054"
265000,4,4,6875,"14503 Sweet Cherry Dr, Houston, TX 77069"
1349000,4,4,2410,"6626 Westview Dr, Houston, TX 77055"
98500,1,1,9750,"9707 Richmond Ave #3, Houston, TX 77042"
219800,2,2,980,"8705 Bryam #1803, Houston, TX 77061"
1695000,4,4,3940,"415 W 31st St, Houston, TX 77018"
259999,3,3,15246.0,"12802 Marciano St, Houston, TX 77048"
260000,3,3,1770,"1115 Joshua Tree Ln, Houston, TX 77073"
320000,4,4,3943,"2415 Ferguson Way, Houston, TX 77088"
849000,3,3,1499,"4510 Cornish A St, Houston, TX 77007"
309000,3,3,5940,"5262 Ella #206, Houston, TX 77018"
270000,4,4,1809,"7607 Candlegreen Ln, Houston, TX 77071"
380000,5,5,2500,"6207 Paddle Wheel Dr, Katy, TX 77449"
225000,3,3,2697,"4227 Hawk Meadow Dr, Katy, TX 77449"
230000,3,3,3074,"15511 Falling Limb Ct, Houston, TX 77049"
2499999,5,5,1450,"107 Fawnlake Dr, Houston, TX 77079"
889000,5,5,2301,"14026 Barryknoll Ln, Houston, TX 77079"
95000,1,1,9950,"5206 Arboles Dr Unit B3, Houston, TX 77035"
289500,4,4,2949,"9534 Cane Creek Dr, Houston, TX 77070"
229900,3,3,7597,"13602 Chimney Sweep Dr, Houston, TX 77041"
618000,4,4,1422,"10623 Deerwood Rd, Houston, TX 77042"
199900,4,4,4950,"887 Darbydale Crossing Ln, Houston, TX 77090"
309900,3,3,1424,"1103 Bruno Pl, Houston, TX 77091"
2850000,4,4,6101,"2812 Quenby Ave, West University Place, TX 77005"
244500,4,4,5416,"522 E Delz Dr, Houston, TX 77022"
1480000,4,4,10890.0,"20 Crain Square Blvd, Houston, TX 77025"
350000,3,3,2397,"11638 Royal Oaks Vw, Houston, TX 77082"
338900,3,3,7684,"1614 San Sebastian Ln, Houston, TX 77058"
148000,3,3,800,"23939 Griffin House Ln, Katy, TX 77493"
239900,3,3,1833,"15103 Grove Gardens Dr, Houston, TX 77082"
1000000,4,4,7480,"4432 Rose St, Houston, TX 77007"
949000,3,3,1273,"6503 Pickens St, Houston, TX 77007"
615000,3,3,7600,"1622 W 24th St Unit B, Houston, TX 77008"
1530000,4,4,2308,"1508 Story St, Houston, TX 77055"
635000,3,3,9660,"811 Beverly St, Houston, TX 77007"
425000,4,4,1828,"7807 Hickory Mill Ct, Houston, TX 77095"
230000,3,3,3598,"8614 Berndale St, Houston, TX 77029"
2290000,5,5,1670,"3502 Aberdeen Way, Houston, TX 77025"
162900,3,3,1705,"9327 Richland Dr, Houston, TX 77078"
142999,3,3,4400,"9315 Oak Knoll Ln, Houston, TX 77078"
714990,6,6,6090,"305 W 17th St, Houston, TX 77008"
322000,3,3,1196,"3730 Elizabeth Ct Ct, Houston, TX 77025"
359900,2,2,7015,"2001 Holcombe Blvd #3003, Houston, TX 77030"
399900,3,3,3912,"6709 Allegheny St Unit A, Houston, TX 77021"
270000,3,3,1839,"12043 Longbrook Dr, Houston, TX 77099"
239900,3,3,1586,"7707 Westbank Ave, Houston, TX 77064"
315000,4,4,6840,"4323 Birchcroft Dr, Houston, TX 77088"
310000,3,3,2487,"10507 Eagle Glen Dr, Houston, TX 77041"
669000,10,10,13503.6,"762 Memorial Mews St, Houston, TX 77079"
299900,3,3,1875,"8101 Silverton Creek Ln, Houston, TX 77040"
485000,3,3,7080,"10015 Burgoyne Rd, Houston, TX 77042"
215000,2,2,4100,"2400 N Braeswood Blvd #336, Houston, TX 77030"
360000,5,5,6720,"14738 Briceland Springs Dr, Houston, TX 77082"
375000,5,5,2232,"19003 Cloyanna Ln, Humble, TX 77346"
375000,4,4,1459,"8734 Backcove Ct, Houston, TX 77064"
400000,4,4,1900,"4537 Redbud St, Houston, TX 77051"
499000,3,3,8470,"1308 W Webster St, Houston, TX 77019"
340000,3,3,1782,"12800 Briar Forest Dr #91, Houston, TX 77077"
388000,4,4,3010,"7806 Alfano St, Houston, TX 77037"
540000,3,3,4483,"2218 Lou Ellen Ln Unit D, Houston, TX 77018"
478000,3,3,3079,"3220 La Branch St, Houston, TX 77004"
205000,2,2,6825,"2300 Old Spanish Trl #1133, Houston, TX 77054"
340000,3,3,2223,"782 W Tidwell Rd Unit G, Houston, TX 77091"
290000,2,2,6867,"7134 Mapleridge St Unit 2E, Houston, TX 77081"
235000,3,3,2839,"12507 Roxdale Ridge Dr, Houston, TX 77044"
395000,3,3,5250,"16407 Jadestone Terrace Ln, Houston, TX 77044"
149000,3,3,2686,"6305 Westward St #103, Houston, TX 77081"
349500,2,2,2000,"3107 Royal Crescent Dr, Houston, TX 77339"
770000,4,4,1784,"1614 Norfolk St Unit C, Houston, TX 77006"
409000,3,3,4800,"2709 Church Wood Dr, Houston, TX 77082"
1150000,4,4,2187,"1112 W Cottage St, Houston, TX 77009"
525000,3,3,10454.4,"2234 Lakeshore Edge Dr, Houston, TX 77080"
428000,3,3,2318,"6107 Dumfries Dr, Houston, TX 77096"
549000,6,6,1635,"2701 Arbor St, Houston, TX 77004"
245000,3,3,2334,"5417 Groveton St, Houston, TX 77033"
389999,3,3,2200,"16002 Allenwick Ln, Houston, TX 77084"
380000,2,2,1019,"1905 Idylwood Dr, Houston, TX 77023"
327500,3,3,1591,"17475 Farm Pasture Trl, Hockley, TX 77447"
429000,5,5,1909,"15802 Mission Estates Ct, Houston, TX 77083"
195000,3,3,1379,"8299 Cambridge St #1003, Houston, TX 77054"
255000,4,4,1327,"11402 Bent Way St, Cypress, TX 77429"
290000,3,3,5750,"8218 Pastel Dawn Trce, Houston, TX 77049"
275000,4,4,2898,"22226 Doubletree Park Dr, Houston, TX 77073"
335000,3,3,7612,"12817 Tokenhouse Ln, Houston, TX 77047"
339000,4,4,1400,"1003 Kemberton Dr, Houston, TX 77062"
1585000,4,4,4550,"19 Southside Cir, Houston, TX 77025"
250000,2,2,3677,"2224 S Piney Point Rd #112, Houston, TX 77063"
375000,3,3,1365,"2919 Gillespie St, Houston, TX 77020"
929000,4,4,1536,"4120 E Northampton Pl, Houston, TX 77098"
225000,4,4,2800,"10029 Lasaber Ct, Houston, TX 77038"
410000,3,3,3312,"4222 Nichols St, Houston, TX 77020"
410000,3,3,3666,"4220 Nichols St, Houston, TX 77020"
76000,2,2,1431,"201 W Rosamond St #9, Houston, TX 77076"
489900,3,3,3438,"5227 Cornish St, Houston, TX 77007"
734900,4,4,2209,"705 Patterson St, Houston, TX 77007"
1740000,5,5,2835,"15010 Hidden Valley Waters Dr, Cypress, TX 77429"
354500,4,4,2209,"16102 Chamomile Ct, Houston, TX 77083"
430000,0,0,2907,"8003 Knox St, Houston, TX 77088"
300000,4,4,888,"10410 Stover St, Houston, TX 77075"
835000,5,5,2352,"1214 Almond Grove Dr, Houston, TX 77077"
1585000,4,4,4550,"19 Southside Cir, Houston, TX 77025"
250000,2,2,3677,"2224 S Piney Point Rd #112, Houston, TX 77063"
375000,3,3,1365,"2919 Gillespie St, Houston, TX 77020"
929000,4,4,1536,"4120 E Northampton Pl, Houston, TX 77098"
225000,4,4,2800,"10029 Lasaber Ct, Houston, TX 77038"
410000,3,3,3312,"4222 Nichols St, Houston, TX 77020"
410000,3,3,3666,"4220 Nichols St, Houston, TX 77020"
76000,2,2,1431,"201 W Rosamond St #9, Houston, TX 77076"
489900,3,3,3438,"5227 Cornish St, Houston, TX 77007"
734900,4,4,2209,"705 Patterson St, Houston, TX 77007"
1740000,5,5,2835,"15010 Hidden Valley Waters Dr, Cypress, TX 77429"
354500,4,4,2209,"16102 Chamomile Ct, Houston, TX 77083"
430000,0,0,2907,"8003 Knox St, Houston, TX 77088"
300000,4,4,888,"10410 Stover St, Houston, TX 77075"
835000,5,5,2352,"1214 Almond Grove Dr, Houston, TX 77077"
1585000,4,4,4550,"19 Southside Cir, Houston, TX 77025"
250000,2,2,3677,"2224 S Piney Point Rd #112, Houston, TX 77063"
375000,3,3,1365,"2919 Gillespie St, Houston, TX 77020"
929000,4,4,1536,"4120 E Northampton Pl, Houston, TX 77098"
225000,4,4,2800,"10029 Lasaber Ct, Houston, TX 77038"
410000,3,3,3312,"4222 Nichols St, Houston, TX 77020"
410000,3,3,3666,"4220 Nichols St, Houston, TX 77020"
76000,2,2,1431,"201 W Rosamond St #9, Houston, TX 77076"
489900,3,3,3438,"5227 Cornish St, Houston, TX 77007"
734900,4,4,2209,"705 Patterson St, Houston, TX 77007"
1740000,5,5,2835,"15010 Hidden Valley Waters Dr, Cypress, TX 77429"
354500,4,4,2209,"16102 Chamomile Ct, Houston, TX 77083"
430000,0,0,2907,"8003 Knox St, Houston, TX 77088"
300000,4,4,888,"10410 Stover St, Houston, TX 77075"
835000,5,5,2352,"1214 Almond Grove Dr, Houston, TX 77077"
2149000,3,3,1990,"2202 Kelton Ave, Los Angeles, CA 90064"
5500000,100,100,6753,"654 E 24th St, Los Angeles, CA 90011"
1150000,4,4,8400,"19832 Turtle Springs Way, Porter Ranch, CA 91326"
1200000,6,6,10454.4,"6318 S Harvard Blvd, Los Angeles, CA 90047"
899000,3,3,2446,"6257 Lindley Ave, Tarzana, CA 91335"
10995000,5,5,5813,"3802 Hollyline Ave, Sherman Oaks, CA 91423"
1599999,3,3,3854,"855 N Beverly Glen Blvd, Los Angeles, CA 90077"
1895000,4,4,5443,"4676 Laurelgrove Ave, Studio City, CA 91604"
789000,3,3,2220,"19120 Bessemer St, Tarzana, CA 91335"
1675000,4,4,6465,"4334 Franklin Ave, Los Angeles, CA 90027"
1250000,2,2,10280,"200 N Swall Dr #460, Beverly Hills, CA 90211"
2695000,4,4,1.79,"843 S Cochran Ave, Los Angeles, CA 90036"
600000,0,0,1441,"889 Francisco St #2505, Los Angeles, CA 90017"
575000,2,2,8910,"10521 Larwin Ave #6, Chatsworth, CA 91311"
3499000,16,16,2755,"2525 Hauser Blvd, Los Angeles, CA 90016"
675000,2,2,11325.6,"5240 Premiere Hills Cir #211, Woodland Hills, CA 91364"
1479000,3,3,1458,"1335 N Normandie Ave, Los Angeles, CA 90027"
719000,2,2,7232,"5305 Ben Ave #5, Valley Village, CA 91607"
595000,3,3,2536,"6840 Balboa Blvd #504, Lake Balboa, CA 91406"
1799800,6,6,6756,"428 N Harvard Blvd, Los Angeles, CA 90004"
3675000,5,5,1469,"606 N Citrus Ave, Los Angeles, CA 90036"
3900000,5,5,2402,"16886 Charmel Ln, Pacific Palisades, CA 90272"
1399000,3,3,8324,"5742 Le Sage Ave, Woodland Hills, CA 91367"
1725000,2,2,480,"411 N Oakhurst Dr #106, Beverly Hills, CA 90210"
1149000,3,3,1042,"2200 Polyscope Pl, Los Angeles, CA 90026"
1799000,3,3,1.36,"9125 W 24th St, Los Angeles, CA 90034"
1399000,3,3,7674,"13050 Mindanao Way #7, Marina Del Rey, CA 90292"
1150000,3,3,7020,"1750 Orchard Ave, Los Angeles, CA 90006"
9195000,6,6,1387,"1119 Monument St, Pacific Palisades, CA 90272"
1799000,2,2,2130,"656 N West Knoll Dr #303, West Hollywood, CA 90069"
595000,2,2,5738,"4353 Colfax Ave #33, Studio City, CA 91604"
699000,4,4,1129,"1071 Dundas St, Los Angeles, CA 90063"
3000000,8,8,6506,"432 N Norton Ave, Los Angeles, CA 90004"
1295000,4,4,1279,"12628 Albers, Valley Village, CA 91607"
2295000,2,2,37026.0,"300 N Swall Dr #308, Beverly Hills, CA 90211"
3150000,4,4,3303,"4216 Terraza Dr, Los Angeles, CA 90008"
1349000,3,3,5972,"5816 Lemp Ave, North Hollywood, CA 91601"
538000,2,2,4082,"2321 W 10th St #201, Los Angeles, CA 90006"
999999,2,2,6407,"11278 Ivy Pl, Los Angeles, CA 90064"
849000,4,4,4097,"2939 10th Ave, Los Angeles, CA 90018"
829950,3,3,1790,"9300 Huston Rd, Chatsworth, CA 91311"
3895000,5,5,8067,"4519 Saint Clair Ave, Studio City, CA 91604"
999000,2,2,3940,"950 N Kings Rd #343, West Hollywood, CA 90069"
569900,1,1,5000,"1630 E 43rd St, Los Angeles, CA 90011"
5450000,4,4,1154,"11945 Lockridge Rd, Studio City, CA 91604"
1200000,3,3,616,"10335 Valley Glow Dr, Sunland, CA 91040"
1200000,4,4,2261,"6903 Ethel Ave, North Hollywood, CA 91605"
587000,5,5,5231,"8728 Beach St, Los Angeles, CA 90002"
485000,1,1,22651.2,"746 S Los Angeles St #704, Los Angeles, CA 90014"
1375000,2,2,1604,"4460 Wilshire Blvd #308, Los Angeles, CA 90010"
1799000,3,3,22215.6,"6526 W 84th St, Los Angeles, CA 90045"
799900,3,3,1953,"16739 Archwood St, Van Nuys, CA 91406"
1799999,3,3,6899,"23021 Bretton Pl, Woodland Hills, CA 91364"
1390000,7,7,1213,"733 Hoefner Ave, Los Angeles, CA 90022"
949000,4,4,3510,"12111 Via Santa Barbara, Sylmar, CA 91342"
699000,4,4,1011,"1510 W 53rd St, Los Angeles, CA 90062"
1500000,8,8,2001,"2314 Crenshaw Blvd #4, Los Angeles, CA 90016"
3450000,5,5,1942,"13120 Morrison St, Sherman Oaks, CA 91423"
1980000,3,3,6080,"4321 Glenalbyn Dr, Los Angeles, CA 90065"
565000,1,1,1500,"4520 Natick Ave #310, Sherman Oaks, CA 91403"
1500000,7,7,6767,"9600 Amboy Ave, Los Angeles, CA 91331"
4596486,6,6,2200,"15120 Sutton St, Sherman Oaks, CA 91403"
989000,2,2,9307,"1630 Greenfield Ave #104, Los Angeles, CA 90025"
835000,3,3,3134,"20728 Keswick St, Winnetka, CA 91306"
4635150,5,5,6770,"7029 Trolleyway, Playa Del Rey, CA 90293"
2199000,10,10,2276,"259 N Burlington Ave, Los Angeles, CA 90026"
750000,3,3,28.69,"8800 Willis Ave #12, Panorama City, CA 91402"
1099000,3,3,1696,"1246 Armacost Ave #306, Los Angeles, CA 90025"
1699000,4,4,5673,"3133 Midvale Ave, Los Angeles, CA 90034"
15500000,38,38,5184,"3518 Chesapeake Ave, Los Angeles, CA 90016"
3795000,22,22,7959,"12807 Barbara Ann St, Valley Glen, CA 91605"
1495000,3,3,3604,"5155 W Redondo Ct, Los Angeles, CA 90019"
1849000,4,4,6750,"6500 Drexel Ave, Los Angeles, CA 90048"
8495000,4,4,2820,"224 Glenroy Pl, Los Angeles, CA 90049"
1795000,3,3,7705,"8155 Willow Glen Rd, Los Angeles, CA 90046"
3690000,18,18,910,"639 N Alexandria Ave, Los Angeles, CA 90004"
1200000,8,8,2850,"667 W 11th St #669671, San Pedro, CA 90731"
670000,2,2,8134,"327 E 76th St, Los Angeles, CA 90003"
600000,0,0,5414,"889 Francisco St #2507, Los Angeles, CA 90017"
3199000,15,15,17859.6,"2937 West Blvd, Los Angeles, CA 90016"
1550000,4,4,2818,"833 N Vendome St, Los Angeles, CA 90026"
2495000,4,4,5434,"1716 Nichols Canyon Rd, Los Angeles, CA 90046"
599000,2,2,2355,"4015 Fairmount St, Los Angeles, CA 90063"
515000,2,2,6200,"7422 Hazeltine Ave #12, Van Nuys, CA 91405"
1795000,3,3,830,"14272 Valley Vista Blvd, Sherman Oaks, CA 91423"
1100000,6,6,5765,"1612 Arlington Ave, Los Angeles, CA 90019"
399000,3,3,1114,"7841 Wentworth St, Sunland, CA 91040"
1399000,3,3,2151,"10433 Wilshire Blvd #409, Los Angeles, CA 90024"
2050000,4,4,17859.6,"464 N Crescent Heights Blvd, Los Angeles, CA 90048"
1680000,9,9,2141,"136 W 48th St, Los Angeles, CA 90037"
6570000,7,7,8540,"658 Santa Clara Ave, Venice, CA 90291"
1999000,10,10,967,"139 N Catalina St, Los Angeles, CA 90004"
1499000,3,3,6883,"5759 Aladdin St, Los Angeles, CA 90008"
1300000,5,5,1824,"1030 W 15th St, San Pedro, CA 90731"
2199000,6,6,1877,"1206 S La Jolla Ave, Los Angeles, CA 90035"
1200000,8,8,8488,"4307 Clinton St, Los Angeles, CA 90004"
850000,2,2,4150,"4137 W 61st St, Los Angeles, CA 90043"
1795000,4,4,4752,"11561 Dona Cecilia Dr, Studio City, CA 91604"
949000,4,4,5200,"11775 N Fenton Ave #2, Lakeview Terrace, CA 91342"
2289000,5,5,4910,"5336 S Chariton Ave, Ladera Heights, CA 90056"
2249000,2,2,6647,"14733 Valley Vista Blvd, Sherman Oaks, CA 91403"
1100000,4,4,8862,"2312 West Blvd, Los Angeles, CA 90016"
1250000,4,4,2079,"11222 Sylvan St, North Hollywood, CA 91606"
1100000,3,3,12632.4,"4250 6th Ave, Los Angeles, CA 90008"
1449000,4,4,2692,"6211 Beard St, Los Angeles, CA 90042"
2150000,5,5,6076,"5514 Sylvia Ave, Tarzana, CA 91356"
1088888,11,11,4536,"1324 S Westlake Ave S, Los Angeles, CA 90006"
5995000,4,4,7301,"407 Upper Mesa Rd, Santa Monica, CA 90402"
899900,3,3,4044,"16738 LUDLOW, Granada Hills, CA 91344"
589000,2,2,4078,"15218 Dickens St #7, Sherman Oaks, CA 91403"
1595000,2,2,1363,"517 Venice Way, Venice, CA 90291"
449000,3,3,6602,"10636 Woodley Ave #8, Granada Hills, CA 91344"
3500000,2,2,2322,"9000 W 3rd St #308, Los Angeles, CA 90048"
640000,4,4,10890.0,"146 E 71st St, Los Angeles, CA 90003"
829900,3,3,2534,"19140 Archwood St, Reseda, CA 91335"
2399000,3,3,3415,"1669 N Beverly Dr, Beverly Hills, CA 90210"
2400000,8,8,17859.6,"11655 Burbank Blvd, North Hollywood, CA 91601"
4650000,4,4,1921,"3206 Deronda Dr, Los Angeles, CA 90068"
3395000,3,3,8462,"13011 W Sunset Blvd, Los Angeles, CA 90049"
515000,1,1,4056,"1100 Wilshire Blvd #2910, Los Angeles, CA 90017"
945000,2,2,1592,"12401 Moorpark St #302, Studio City, CA 91604"
3499000,4,4,2307,"2021 Kenilworth Ave, Los Angeles, CA 90039"
2399999,3,3,10018.8,"3800 Scadlock Ln, Sherman Oaks, CA 91403"
999000,2,2,1967,"1201 Larrabee St #107, West Hollywood, CA 90069"
8399000,4,4,24393.6,"1443 Devlin Dr, Los Angeles, CA 90069"
3995000,5,5,1432,"524 N Fuller Ave, Los Angeles, CA 90036"
549000,3,3,6500,"9740 Sepulveda Blvd #26, North Hills, CA 91343"
675000,4,4,13503.6,"11119 S Denker Ave, Los Angeles, CA 90047"
615000,2,2,3604,"21241 Lassen #3, Chatsworth, CA 91311"
2500000,14,14,5869,"4916 Hazeltine Ave, Sherman Oaks, CA 91423"
574000,3,3,1356,"10411 Anzac Ave, Los Angeles, CA 90002"
1990000,4,4,1.28,"839 Dune St, El Segundo, CA 90245"
650000,3,3,1410,"10229 Variel Ave #11, Chatsworth, CA 91311"
3999000,7,7,5003,"16758 La Maida St, Encino, CA 91436"
1120000,5,5,1488,"18773 Bermuda St, Northridge, CA 91326"
1449000,4,4,2.81,"2104 7th Ave, Los Angeles, CA 90018"
1769000,7,7,7068,"19010 Ingomar St, Reseda, CA 91335"
549000,1,1,7911,"222 S Central Ave #239, Los Angeles, CA 90012"
599000,3,3,1221,"1444 W 227th St #3, Torrance, CA 90501"
7999999,2,2,3250,"10375 Wilshire Blvd Unit 1B, Los Angeles, CA 90024"
530000,1,1,2587,"800 W 1st St #502, Los Angeles, CA 90012"
1250000,3,3,5096,"13817 Valley Vista Blvd, Sherman Oaks, CA 91423"
3250000,16,16,1896,"10205 Plainview Ave, Tujunga, CA 91042"
899999,3,3,1.03,"2228 W 78th St, Inglewood, CA 90305"
730000,0,0,4927,"507 E 59th Pl, Los Angeles, CA 90003"
650000,2,2,8428,"845 W 76th St, Los Angeles, CA 90044"
1790000,4,4,2364,"8536 Mcconnell Ave, Los Angeles, CA 90045"
1085000,2,2,7502,"2507 Robalo Ave, San Pedro, CA 90732"
1380000,6,6,2324,"1407 5th Ave, Los Angeles, CA 90019"
790000,4,4,5026,"4427 Lima St, Los Angeles, CA 90011"
1325000,6,6,1755,"12727 Oxnard St, North Hollywood, CA 91606"
1780000,3,3,21780.0,"3153 Coldwater Canyon Ave, Studio City, CA 91604"
8400000,5,5,862,"530 S Westgate Ave, Los Angeles, CA 90049"
869000,3,3,1188,"1832 W 38th Pl, Los Angeles, CA 90062"
5499000,5,5,4923,"2900 Deep Canyon Dr, Beverly Hills, CA 90210"
2750000,3,3,762,"17071 Countess Pl, Encino, CA 91436"
6495000,6,6,1506,"440 N Mccadden Pl, Los Angeles, CA 90004"
1299000,4,4,5315,"21465 Iglesia Dr, Woodland Hills, CA 91364"
369000,1,1,8732,"7101 Farralone Ave #138, Canoga Park, CA 91303"
1800000,2,2,9359,"8607 Airdrome St, Los Angeles, CA 90035"
1195000,2,2,1966,"4342 Redwood Ave Unit C206, Marina Del Rey, CA 90292"
669000,2,2,948,"620 S Gramercy Pl #202, Los Angeles, CA 90005"
910000,2,2,1160,"1155 S Grand Ave #1012, Los Angeles, CA 90015"
665000,2,2,1189,"358 S Gramercy Pl #210, Los Angeles, CA 90020"
1015000,2,2,1348,"660 N Sweetzer Ave #202, Los Angeles, CA 90048"
1785000,2,2,1580,"8787 Shoreham Dr #404, West Hollywood, CA 90069"
2099000,3,3,2855,"2186 Century Woods Way #44, Los Angeles, CA 90067"
4495000,4,4,4230,"17116 Adlon Rd, Encino, CA 91436"
3895000,12,12,17859.6,"2610 Kenwood Ave, Los Angeles, CA 90007"
2950000,4,4,7012,"19650 Greenbriar Dr, Tarzana, CA 91356"
1726000,3,3,10890.0,"210 N Berendo St, Los Angeles, CA 90004"
1300000,3,3,2629,"7306 Farmdale Ave, North Hollywood, CA 91605"
950000,3,3,17859.6,"714 Echandia St, Los Angeles, CA 90033"
9000000,7,7,1635,"1601 Shell Ave, Venice, CA 90291"
999000,4,4,7502,"3815 W 60th St, Los Angeles, CA 90043"
3899000,4,4,2184,"1666 Micheltorena St, Los Angeles, CA 90026"
819995,2,2,6750,"15157 Magnolia Blvd Unit E, Sherman Oaks, CA 91403"
599000,3,3,1417,"8510 Wilbur Ave, Northridge, CA 91324"
734900,3,3,7479,"1348 Hyatt Ave, Wilmington, CA 90744"
8995000,6,6,5100,"2630 Hutton Dr, Beverly Hills, CA 90210"
3400000,3,3,5740,"325 N Oakhurst Dr Ph 3, Beverly Hills, CA 90210"
875000,3,3,1982,"14923 Lassen St, Mission Hills (san Fernando), CA 91345"
899000,0,0,5242,"11145 Cohasset St, Sun Valley, CA 91352"
899900,2,2,2883,"1230 Horn Ave #100, West Hollywood, CA 90069"
1075000,3,3,6735,"10008 Petit Ave, North Hills, CA 91343"
1050000,2,2,1541,"200 N Swall Dr #462, Beverly Hills, CA 90211"
3695000,22,22,852,"12635 Vanowen St, North Hollywood, CA 91605"
509900,3,3,9152,"10331 Lindley Ave #205, Porter Ranch, CA 91326"
1699000,2,2,1527,"4039 Michael Ave, Los Angeles, CA 90066"
14150000,4,4,6696,"1 W Century Dr Unit TH A, Los Angeles, CA 90067"
799000,4,4,6947,"3206 W 59TH St, Los Angeles, CA 90043"
599000,1,1,20908.8,"811 S Bedford St #203, Los Angeles, CA 90035"
2195000,6,6,3233,"240 S Tower Dr, Beverly Hills, CA 90211"
3880000,5,5,1429,"901 N Laurel Ave, Los Angeles, CA 90046"
999000,2,2,7499,"2142 N Cahuenga Blvd, Los Angeles, CA 90068"
1890000,3,3,100,"1121 S Wilton Pl, Los Angeles, CA 90019"
750000,6,6,23086.8,"509 Camulos St, Los Angeles, CA 90033"
1800000,2,2,1266,"4455 Sherman Oaks Cir, Sherman Oaks, CA 91403"
925000,8,8,1598,"564 S Sadler Ave, Los Angeles, CA 90022"
795000,2,2,7505,"1922 Tamarind Ave #10, Los Angeles, CA 90068"
1028000,4,4,1784,"1142 Nadeau St, Los Angeles, CA 90001"
2300000,5,5,4517,"668 Westminster Ave, Venice, CA 90291"
2345000,2,2,2258,"2429 Eastern Canal, Venice, CA 90291"
1525000,3,3,5204,"1883 S Cochran Ave, Los Angeles, CA 90019"
2499000,3,3,1100,"2250 Bronson Hill Dr, Los Angeles, CA 90068"
819500,2,2,2700,"4443 Ventura Canyon Ave #103, Sherman Oaks, CA 91423"
1085000,3,3,2085,"3404 S Denison Ave, San Pedro, CA 90731"
1999000,9,9,8686,"1115 N Madison Ave, Los Angeles, CA 90029"
569000,3,3,2664,"1219 E 56th St, Los Angeles, CA 90011"
1032000,3,3,5223,"24312 Vanowen St, Los Angeles, CA 91307"
669000,2,2,1986,"1262 S Alma Ave, Los Angeles, CA 90023"
679999,3,3,1990,"734 E 79th St, Los Angeles, CA 90001"
3000000,12,12,2500,"7706 Hollywood Blvd, Los Angeles, CA 90046"
2695000,4,4,3416,"367 Dalkeith Ave, Los Angeles, CA 90049"
3650000,16,16,10890.0,"1645 Courtney Ave, Los Angeles, CA 90046"
488000,2,2,1106,"730 255th St Unit F, Harbor City, CA 90710"
875800,3,3,5395,"23130 Victory Blvd, Woodland Hills, CA 91367"
3600000,16,16,1570,"1400 N Hobart Blvd, Los Angeles, CA 90027"
995000,6,6,6900,"815 W 62nd Pl, Los Angeles, CA 90044"
1900000,3,3,928,"12025 Herbert St, Culver City, CA 90066"
640000,1,1,5378,"141 S Clark Dr #426, West Hollywood, CA 90048"
825000,4,4,1243,"10939 Scoville Ave, Sunland, CA 91040"
1995000,8,8,5203,"155 S Westmoreland Ave, Los Angeles, CA 90004"
1245000,6,6,8340,"7237 Kraft Ave, North Hollywood, CA 91605"
900000,5,5,10454.4,"22116 Hemmingway St, Canoga Park, CA 91304"
3375000,7,7,2279,"5012 Gerald Ave, Encino, CA 91436"
2995000,4,4,6310,"17009 Cotter Pl, Encino, CA 91436"
2799000,4,4,9240,"18039 Rosita St, Encino, CA 91316"
749000,2,2,9936,"6243-1/2 Nita Ave, Woodland Hills, CA 91367"
549900,3,3,796,"720 Penrith Dr, Los Angeles, CA 90023"
599000,3,3,1276,"1613 W 126th St, Los Angeles, CA 90047"
1398000,2,2,6550,"853 S Le Doux Rd #301, Los Angeles, CA 90035"
475000,2,2,19776,"384 S Miraleste Dr #465, San Pedro, CA 90732"
899998,4,4,19602.0,"11406 Sunburst St, Lakeview Terrace, CA 91342"
849000,4,4,2664,"17921 Ingomar St, Reseda, CA 91335"
1675000,4,4,5510,"4500 Don Milagro Dr, Los Angeles, CA 90008"
699000,3,3,1759,"5707 7th Ave, Los Angeles, CA 90043"
968000,3,3,5001,"2306 W 74th St, Los Angeles, CA 90043"
4398000,6,6,740,"5335 Sunnyslope Ave, Sherman Oaks, CA 91401"
1150000,3,3,1224,"7987 Sangamon Ave, Sun Valley, CA 91352"
1600000,3,3,2194,"5839 Shirley Ave, Tarzana, CA 91356"
819000,2,2,22651.2,"1805 S Barrington Ave #10, Los Angeles, CA 90025"
699300,3,3,1002,"815 S Harvard Blvd #201, Los Angeles, CA 90005"
1850000,8,8,1250,"12037 Rialto St, Sun Valley, CA 91352"
4150000,6,6,3600,"1960 Hillcrest Rd, Los Angeles, CA 90068"
48000000,7,7,7520,"15210 Antelo Pl, Los Angeles, CA 90077"
849999,3,3,6341,"2824 S s Orange Dr, Los Angeles, CA 90016"
609000,2,2,21780.0,"7100 La Tijera Blvd Unit D102, Los Angeles, CA 90045"
2800000,7,7,15042,"5525 Elmer Ave, North Hollywood, CA 91601"
1995000,7,7,3.22,"8664 Cadillac Ave, Los Angeles, CA 90034"
699000,3,3,892,"21025 Lemarsh St Unit E28, Chatsworth, CA 91311"
1500000,4,4,4810,"1872 Lake Shore Ave, Los Angeles, CA 90026"
799000,3,3,1021,"1517 Dalmatia Dr, San Pedro, CA 90732"
595000,3,3,2987,"736 E 103rd St, Los Angeles, CA 90002"
710000,3,3,6531,"6648 8th Ave, Los Angeles, CA 90043"
949000,3,3,3156,"6514 Glade Ave, Woodland Hills, CA 91303"
2499900,5,5,2498,"7612 Carmenita Ln, West Hills, CA 91304"
599000,1,1,1650,"5417 Village Grn, Los Angeles, CA 90016"
1549000,3,3,2.29,"2142 Century Park Ln #307, Los Angeles, CA 90067"
1888000,11,11,2144,"8417 S Halldale Ave, Los Angeles, CA 90047"
565000,2,2,12196.8,"28006 S Western Ave #171, San Pedro, CA 90732"
420000,3,3,1598,"8772 Prince Ave, Los Angeles, CA 90002"
310000,1,1,10.02,"5325 Newcastle Ave #334, Encino, CA 91316"
4295000,5,5,972,"11741 Manchester Way, Porter Ranch, CA 91326"
1349000,3,3,5480,"13354 Magnolia Blvd, Sherman Oaks, CA 91423"
467000,1,1,2430,"8710 Belford Ave Unit 126B, Los Angeles, CA 90045"
999000,3,3,4798,"18406 Jovan St, Tarzana, CA 91335"
649900,2,2,1177,"14806 Burbank Blvd #3, Sherman Oaks, CA 91411"
539000,3,3,7530,"819 N Hicks Ave, Los Angeles, CA 90063"
759000,3,3,5846,"18130 Andrea Cir N #1, Northridge, CA 91325"
760000,3,3,11325.6,"6511 Haas Ave, Los Angeles, CA 90047"
848000,4,4,925,"25329 Bayside Pl, Harbor City, CA 90710"
585000,2,2,1903,"514 S Harvard Blvd #205, Los Angeles, CA 90020"
2194000,6,6,4100,"22641 Macfarlane Dr, Woodland Hills, CA 91364"
1375000,2,2,6775,"640 N Sweetzer Ave #6, Los Angeles, CA 90048"
1100000,3,3,1092,"4221 W 59th Pl, Los Angeles, CA 90043"
1190000,4,4,1153,"508 N Kingsley Dr, Los Angeles, CA 90004"
775000,2,2,4983,"4200 Laurel Canyon Blvd #205, Studio City, CA 91604"
695000,0,0,475,"849 S Broadway #609, Los Angeles, CA 90014"
479000,3,3,5411,"6031 Fountain Park Ln, Apt 17, Woodland Hills, CA 91367"
1575000,6,6,2950,"6662 Satsuma Ave, North Hollywood, CA 91606"
1399000,4,4,7356,"10758-10760 Valley Spring Ln, Toluca Lake, CA 91602"
649000,1,1,1785,"950 N Kings Rd #245, West Hollywood, CA 90069"
4200000,3,3,6254,"5164 N Faris Ln, Woodland Hills, CA 91364"
949000,3,3,793,"11115 Acama St #205, Studio City, CA 91602"
4495000,5,5,2534,"12510 W Sunset Blvd, Los Angeles, CA 90049"
1450000,5,5,1.10,"5617 Denny Ave, North Hollywood, CA 91601"
999000,3,3,1590,"7101 Whitaker Ave, Van Nuys, CA 91406"
599000,2,2,4260,"600 W 9th St #209, Los Angeles, CA 90015"
4250000,5,5,8608,"9722 Saturn St, Los Angeles, CA 90035"
2899000,2,2,1802,"1633 N Beverly Dr, Beverly Hills, CA 90210"
299000,0,0,7430,"561 E Opp St, Wilmington, CA 90744"
995000,4,4,1428,"235A Hart St, Bedford-stuyvesant, NY 11206"
620000,2,2,1400,"106-15 Queens Blvd Unit 3N, Forest Hills, NY 11375"
4300000,4,4,3417,"475 Park Ave Unit 10A, New York, NY 10022"
3300000,2,2,10454.4,"1 5th Ave Unit 19G, New York, NY 10003"
18000000,3,3,2907,"555 W End Ave Unit The Solarium, New York, NY 10024"
9900000,5,5,7301,"555 W End Ave Unit The library, New York, NY 10024"
699000,2,2,3420,"27 E 65th St Unit 6D, New York, NY 10065"
1485000,2,2,8071,"441 E 57th St #2, New York, NY 10022"
1950000,2,2,3463,"29 E 64th St Unit 7C, New York, NY 10065"
849000,7,7,8071,"927 E 96th St, Canarsie, NY 11236"
1188000,4,4,1645,"36-19 216th St, Bayside, NY 11361"
398000,2,2,2008,"251-12 58th Ave #22, Little Neck, NY 11362"
2250000,2,2,10890.0,"101 W 87th St #507, New York, NY 10024"
315000,1,1,1979,"67-71 Yellowstone Blvd Unit 5L, Forest Hills, NY 11375"
788000,2,2,2500,"7-16 160th St, Beechhurst, NY 11357"
784999,6,6,2100,"1343 Saint Lawrence Ave, Bronx, NY 10472"
575000,0,0,4000,"255 W 23rd St Unit 5FW, New York, NY 10011"
1050000,4,4,960,"835 Dean Ave, Bronx, NY 10465"
2998000,10,10,710,"156-07 Sanford Ave, Flushing, NY 11355"
649000,4,4,1200,"Undisclosed address, Howard Beach, NY 11414"
650000,2,2,2031,"1462 Flatbush Ave Unit 1-A, Brooklyn, NY 11210"
377500,3,3,4000,"16-22 163 St Unit 6-348, Whitestone, NY 11357"
780000,3,3,2505,"1117 E 72 St #13, Brooklyn, NY 11234"
995000,2,2,1600,"500 Grand St Unit C7B, New York, NY 10002"
420000,2,2,1768,"68 Nancy Ct, Staten Island, NY 10306"
1249000,3,3,2818,"105-36 65 Rd, Forest Hills, NY 11375"
1600000,18,18,12300,"2525 Wallace Ave, Bronx, NY 10467"
4295000,5,5,5001,"401 E 60th St Unit 4C, New York, NY 10065"
950000,2,2,3498,"721 Flushing Ave Unit 7A, Brooklyn, NY 11206"
535000,6,6,988,"32-11 95th St, East Elmhurst, NY 11369"
699999,2,2,4788,"158-16 99th St, Howard Beach, NY 11414"
129999,2,2,3000,"1425 Thieriot Ave Unit 6C, Bronx, NY 10460"
785000,3,3,1400,"64-28 75th St, Middle Village, NY 11379"
2700000,8,8,3000,"1858 84th St, Brooklyn, NY 11214"
399888,0,0,900,"132-35 Sanford Ave #403, New York, NY 11355"
1295000,1,1,920,"37-26 32nd St Unit 4-A, New York, NY 11101"
249000,1,1,796,"35-16 85th St Unit 6C, Jackson Heights, NY 11372"
1585000,4,4,2000,"41-64 Westmoreland St, Little Neck, NY 11363"
4300000,2,2,3608,"15 E 30th St Unit 43E, New York, NY 10016"
625000,1,1,3000,"185 Park Row Unit 13E, New York, NY 10038"
715000,4,4,509,"128-35 146th St, Jamaica, NY 11436"
5995000,4,4,1137,"360 W 36th St Ph 12, New York, NY 10018"
1080000,3,3,4000,"57-44 226th St, Bayside, NY 11364"
850000,3,3,1402,"233-01 Mentone Ave, Rosedale, NY 11422"
840000,1,1,1948,"315 E 68th St Unit 13P, New York, NY 10065"
2299999,8,8,3794,"514 W 142nd St, New York, NY 10031"
799000,4,4,3600,"185-28 Jordan Ave, Saint Albans, NY 11412"
750000,2,2,7881,"431 Marine Ave Unit A, Brooklyn, NY 11209"
580000,1,1,2284,"234 W 16th St Unit 4C, New York, NY 10011"
2500000,5,5,3800,"154 Conselyea St, Williamsburg, NY 11211"
1049000,4,4,2588,"209 Street St, Queens Village, NY 11429"
1045000,2,2,1332,"117 E 102nd St Unit 2B, New York, NY 10029"
895000,3,3,5557,"475 Fdr Dr Unit L101, New York, NY 10002"
599000,3,3,1786,"1045 Bay Ridge Ave Unit 1B, Dyker Heights, NY 11219"
469900,2,2,1368,"31 Winfield St, Staten Island, NY 10305"
10995000,3,3,1830,"151 E 58th St Unit 32C, New York, NY 10022"
1295000,3,3,1024,"182 Minna St Unit 1B, Brooklyn, NY 11218"
899000,6,6,1600,"1268 E 56th St Unit *, Brooklyn, NY 11234"
369000,2,2,4000,"37-30 83rd St Unit 2H, Jackson Heights, NY 11372"
4995000,3,3,2031,"450 Washington St #1006, New York, NY 10013"
650000,3,3,2200,"169 Camden Ave, Staten Island, NY 10309"
539000,2,2,1350,"22 Girard St, Staten Island, NY 10307"
1475000,2,2,2499,"46-20 11th St Unit 3-A, New York, NY 11101"
1500000,4,4,1680,"2418 E 4th St, Brooklyn, NY 11223"
85000000,5,5,944,"48-50 W 69th St, New York, NY 10023"
1995000,2,2,1025,"52 Park Ave #13, New York, NY 10016"
358000,2,2,1587,"33-26 92 St Unit 6W, Jackson Heights, NY 11372"
259000,0,0,19600,"37-27 86 Unit 5C, Jackson Heights, NY 11372"
420000,2,2,4150,"64-34 102 St Unit 9W, Rego Park, NY 11374"
950000,1,1,1231,"309 W 82nd St Unit C, New York, NY 10024"
319000,1,1,683,"67-71 Yellowstone Blvd Unit 7O, Forest Hills, NY 11375"
1165000,0,0,950,"450 Washington St #507, New York, NY 10013"
790000,5,5,850,"3942 Paulding Ave, Bronx, NY 10466"
515000,0,0,929,"10 W 15th St #2020, New York, NY 10011"
3690000,6,6,478,"11 A Arlington Pl #1, Brooklyn, NY 11216"
1795000,1,1,1320,"450 Washington St #209, New York, NY 10013"
1270000,2,2,1800,"2 Charlton St Unit 6H, New York, NY 10013"
750000,2,2,1870,"80-06 47th Ave Unit 1E, Elmhurst, NY 11373"
548000,3,3,2605,"87 Andros Ave, Staten Island, NY 10303"
458000,3,3,636,"6740 136th St Unit B, Kew Garden Hills, NY 11367"
1248000,4,4,3600,"2335 Benson Ave, Brooklyn, NY 11214"
1650000,2,2,632,"250 S End Ave Unit 5FG, New York, NY 10280"
1050000,1,1,1400,"79 W 12th St Unit 11G, New York, NY 10011"
639000,3,3,1819,"409 Bard Ave, Staten Island, NY 10310"
775000,4,4,732,"104-57 Atlantic Ave, Jamaica, NY 11418"
830000,0,0,1656,"450 Washington St #206, New York, NY 10013"
1695000,1,1,2399,"51 5th Ave Unit 16D, New York, NY 10003"
700000,2,2,1215,"138 E 36th St Unit 5B, New York, NY 10016"
785000,3,3,80000,"25 Delmar Ave, Staten Island, NY 10312"
5950000,4,4,3024,"342 E 69th St, New York, NY 10021"
950000,0,0,1289,"774 E 35th St, Brooklyn, NY 11210"
1199000,4,4,1470,"119-14 15th Ave, College Point, NY 11356"
759000,3,3,4000,"59 Indale Ave, Staten Island, NY 10309"
1295000,2,2,2029,"382 West St Unit 3A, New York, NY 10014"
638000,1,1,2337,"2 Bay Club Dr Unit 7Z, Flushing, NY 11360"
200000,2,2,1976,"4380 Vireo Ave Unit 6F, Bronx, NY 10470"
725000,1,1,3252,"400 W 58th St Unit 5E, New York, NY 10019"
1275000,1,1,7560,"184 Kent Ave Unit C506, Brooklyn, NY 11249"
1327000,3,3,940,"478 King Ave, New York, NY 10464"
369000,2,2,900,"3935 Blackstone Ave Unit 5F, Bronx, NY 10471"
499000,2,2,717,"515 E 7th St Unit 3J, Brooklyn, NY 11218"
714999,2,2,2294,"11 Retford Ave, Staten Island, NY 10312"
880000,4,4,4325,"65-11 Admiral Ave, Middle Village, NY 11379"
12500000,4,4,900,"49 Greene St #2, New York, NY 10013"
1390000,2,2,1100,"515 5th Ave Unit 4C, Brooklyn, NY 11215"
679000,3,3,1000,"66 Evelyn Pl, Staten Island, NY 10305"
3200000,3,3,3130,"372 Pacific St, Brooklyn, NY 11217"
520000,2,2,1056,"99-05 63rd Dr Unit 14V, Rego Park, NY 11374"
238888,1,1,4000,"27 West Mill Dr Unit 7A, Great Neck, NY 11021"
312000,1,1,1588,"5140 30th Ave Unit 5E, Woodside, NY 11377"
545000,1,1,1522,"779 Riverside Dr Unit B30, New York, NY 10032"
1350000,1,1,3834,"21 India St Unit 29B, Brooklyn, NY 11222"
2799000,2,2,4833,"152 W 58th St, New York, NY 10019"
849000,3,3,18632,"1805 Patterson Ave, Bronx, NY 10473"
1080000,2,2,5412,"160 Riverside Dr Unit 4E, New York, NY 10024"
499000,3,3,1350,"35 1/2 Edgewater Park Unit 35 1/2A, Bronx, NY 10465"
399000,2,2,2724,"58-03 Calloway St Unit 4CC, Corona, NY 11368"
3390000,4,4,2200,"1065 Park Ave Unit 13AB, New York, NY 10128"
1195000,1,1,1250,"1065 Park Ave Unit 13B, New York, NY 10128"
1150000,2,2,754,"415 E 85th St Unit 7-GH, New York, NY 10028"
695000,3,3,741,"3187 Rawlins Ave, Bronx, NY 10465"
1399900,5,5,2706,"36 Herbert St, Staten Island, NY 10308"
1339000,2,2,5000,"40 Pinehurst Ave Ph 8B, New York, NY 10033"
750000,1,1,1239,"245 E 87th St Unit 5C, New York, NY 10128"
775000,1,1,5075,"245 E 87th St Unit 3E, New York, NY 10128"
930000,1,1,815,"301 E 22nd St Unit 17E, New York, NY 10010"
649800,3,3,850,"318 Fairbanks Ave, Staten Island, NY 10306"
595000,2,2,1152,"1000 E 35th St Unit 3-B, Brooklyn, NY 11210"
1895000,1,1,2300,"2 River Ter Unit 20-F, New York, NY 10282"
130000,1,1,1128,"2105 Wallace Ave Unit 4A, Bronx, NY 10462"
390000,2,2,915,"540 W 146th St #66, New York, NY 10031"
1150000,2,2,1092,"199 Prince St #14, New York, NY 10012"
969000,6,6,750,"126-10 172nd St, Jamaica, NY 11434"
1800000,10,10,700,"142-25 Latham Ln, Jamaica, NY 11434"
1399999,4,4,528,"97-12 23rd Ave, East Elmhurst, NY 11369"
969000,3,3,3000,"81-23 252nd St, Bellerose, NY 11426"
2298898,4,4,1693,"9-15 Malba Dr, Malba, NY 11357"
388000,0,0,4100,"134-54 Maple Ave Unit 2S, Flushing, NY 11355"
1400000,6,6,9131,"2298 Loring, Valley Stream, NY 10468"
240000,1,1,2808,"71-48 252nd St Unit 12A, Bellerose, NY 11426"
4150000,26,26,4800,"3156 Hull Ave, Bronx, NY 10467"
250000,1,1,5600,"26-20 141 St Unit 5F, Flushing, NY 11354"
1698000,5,5,7606,"39-17 221st St, Bayside, NY 11361"
4899000,3,3,700,"221 W 77th St Unit 6E, New York, NY 10024"
575000,0,0,1927,"321 E 48th St Unit 6J, New York, NY 10017"
3500000,2,2,21250,"1295 Madison Ave Unit 2B, New York, NY 10128"
2100000,6,6,5001,"2116 Voorhies Ave, Brooklyn, NY 11235"
379000,1,1,673,"7423 Ridge Blvd Unit 6F, Bay Ridge, NY 11209"
999000,2,2,750,"310 Windsor Pl #10, Brooklyn, NY 11218"
4995000,3,3,1100,"2 Horatio St Unit 12RS, New York, NY 10014"
4700000,8,8,3284,"108-24 Jewel Ave, New York, NY 11375"
548000,3,3,6000,"211-65 23 Ave Unit 2A, Bayside, NY 11360"
1750000,2,2,2048,"22 N 6th St Unit 19J, Brooklyn, NY 11249"
849000,3,3,2400,"40 W Brighton Ave #406, Brooklyn, NY 11224"
1950000,6,6,543,"115-21 14th Rd, Flushing, NY 11356"
1535000,1,1,1800,"160 Central Park S #3011, New York, NY 10019"
389000,1,1,400,"519 E 81st St Unit 1B, New York, NY 10028"
1188000,3,3,2000,"2216 E 26th St, Brooklyn, NY 11229"
952185,2,2,1955,"33-71 Prince St Unit 7J, Flushing, NY 11354"
849000,2,2,2000,"900 Knickerbocker Ave Unit 3A, Brooklyn, NY 11207"
1480000,6,6,741,"37-14 62nd St, Woodside, NY 11377"
967680,2,2,976,"33-71 Prince St Unit 7K, Flushing, NY 11354"
749000,1,1,2052,"630 1st Ave Unit 8-J, New York, NY 10016"
920060,2,2,2875,"33-71 Prince St Unit 7I, Flushing, NY 11354"
2795000,2,2,768,"310 E 53rd St Unit 18A, New York, NY 10022"
2895000,3,3,658,"46-30 Center Blvd Ph 4, New York, NY 11109"
850000,0,0,716,"550 Vanderbilt Ave #220, Brooklyn, NY 11238"
1550000,3,3,1603,"6702 19 Ave, Brooklyn, NY 11204"
545000,1,1,1763,"900 Knickerbocker Ave Unit 1A, Brooklyn, NY 11207"
920060,2,2,513,"33-71 Prince St Unit 7F, Flushing, NY 11354"
920060,2,2,2300,"33-71 Prince St Unit 7H, Flushing, NY 11354"
339000,1,1,906,"83-30 Vietor Ave #603, Elmhurst, NY 11373"
17750000,4,4,716,"1016 5th Ave Unit 11AC, New York, NY 10028"
920060,2,2,1867,"33-71 Prince St Unit 7G, Flushing, NY 11354"
468000,2,2,716,"21 Androvette Ave, Staten Island, NY 10312"
966320,2,2,800,"33-71 Prince St Unit 7E, Flushing, NY 11354"
973980,2,2,5525,"33-71 Prince St Unit 7C, Flushing, NY 11354"
1030000,4,4,3375,"112-09 Francis Lewis Blvd, Queens Village, NY 11429"
984060,2,2,716,"33-71 Prince St Unit 7D, Flushing, NY 11354"
475000,1,1,800,"900 Knickerbocker Ave Unit 2A, Brooklyn, NY 11207"
973980,2,2,5024,"33-71 Prince St Unit 7B, Flushing, NY 11354"
949000,6,6,752,"3684 Harper Ave, Bronx, NY 10466"
349000,2,2,773,"33-05 90 St Unit 6D, Jackson Heights, NY 11372"
1470000,2,2,2484,"25 Broad St Unit 18-T, New York, NY 10004"
8750000,5,5,2000,"15 W 81st St Unit 2D, New York, NY 10024"
1595000,2,2,500,"18 Morningside Ave #2, New York, NY 10026"
600000,1,1,773,"240 E 35th St Unit 8A, New York, NY 10016"
3500000,9,9,2600,"185 S 2nd St, Brooklyn, NY 11211"
725000,2,2,102150,"730 Fort Washington Ave Unit 3C, New York, NY 10040"
1495000,1,1,27878.4,"20 E 9th St Unit 8J, New York, NY 10003"
1325000,2,2,18569,"Sign in for address, New York, NY 10128"
1295000,1,1,5109,"425 5th Ave Unit 24-A, New York, NY 10016"
485000,1,1,1000,"447 Decatur St Unit 2B, Brooklyn, NY 11233"
3499000,3,3,880,"42 Garfield Pl #2, Brooklyn, NY 11215"
2450000,3,3,530,"45 Sutton Pl S Unit 14F, New York, NY 10022"
939000,3,3,2158,"3226 Tibbett Ave, New York, NY 10463"
7995000,4,4,2600,"1295 Madison Ave Unit 6A, New York, NY 10128"
975000,4,4,100,"1314 Myrtle Ave, Brooklyn, NY 11221"
2450000,3,3,2936,"128 W 26th St #13, New York, NY 10001"
2500000,2,2,1548,"10 Little West St Unit 34C, New York, NY 10004"
2075000,2,2,1576,"446 Kent Ave Unit 2G, Brooklyn, NY 11249"
1795000,2,2,2348,"150 W 56th St #5502, New York, NY 10019"
2149000,3,3,6351,"255 W 84th St Unit 8E, New York, NY 10024"
1350000,1,1,1426,"164 Bank St Unit 4A, New York, NY 10014"
749000,1,1,1690,"301 E 87th St Unit 14E, New York, NY 10128"
3895000,3,3,1652,"5 Beekman St Unit 27B, New York, NY 10038"
825000,4,4,1057,"108-03 221st St, New York, NY 11429"
699000,1,1,750,"240 Prospect Pl #6, Brooklyn, NY 11238"
1150000,1,1,1809,"325 5th Ave Unit 18F, New York, NY 10016"
2395000,2,2,1264,"255 Bowery #5, New York, NY 10002"
1150000,4,4,3045,"2243 60th St Unit 3A, Brooklyn, NY 11204"
1395000,3,3,600,"528 W 111th St #6, New York, NY 10025"
1450000,2,2,1400,"115 Morton St Unit 4A, New York, NY 10014"
3730000,2,2,688,"500 W 18th St Unit WEST_7G, New York, NY 10011"
775000,1,1,1206,"2 Grace Ct Unit 3P, Brooklyn, NY 11201"
2089000,5,5,1979,"1259 Jefferson Ave Unit T, Brooklyn, NY 11221"
499000,1,1,617569,"333 E 41st St Unit 2F, New York, NY 10017"
1095000,2,2,1.06,"90 William St Unit 5C, New York, NY 10038"
3250000,2,2,235875,"37 W 12th St Unit 11C, New York, NY 10011"
4910000,2,2,29185.2,"500 W 18th St Unit WEST_20F, New York, NY 10011"
6000000,3,3,1635,"532 W 20th St #7, New York, NY 10011"
5765000,2,2,2703,"500 W 18th St Unit EAST_22D, New York, NY 10011"
2695000,3,3,1621,"800 W End Ave Unit 6A, New York, NY 10025"
10800000,6,6,1345,"200 E 75th St Unit 11A, New York, NY 10021"
4950000,3,3,3662,"200 E 75th St Unit 3B, New York, NY 10021"
3995000,4,4,2118,"11 Hoyt St Unit 55A, Brooklyn, NY 11201"
7500000,4,4,2074,"200 E 75th St Unit 12B, New York, NY 10021"
5300000,3,3,2476,"200 E 75th St Unit 9B, New York, NY 10021"
2100000,2,2,2118,"11 Hoyt St Unit 52C, Brooklyn, NY 11201"
6175000,4,4,1369,"200 E 75th St Unit 4A, New York, NY 10021"
1595000,2,2,2458,"610 Warren St Unit 4F, Brooklyn, NY 11217"
8500000,1,1,1047,"730 Fifth Ave Unit 18C, New York, NY 10019"
1125000,1,1,1149,"555 W 23rd St Unit S8D, New York, NY 10011"
1050000,1,1,26136.0,"77 7th Ave Unit 16K, New York, NY 10011"
4995000,2,2,755,"16 W 40th St Unit 25A, New York, NY 10018"
2895000,2,2,1650,"145 Nassau St Unit 2D, New York, NY 10038"
2495000,7,7,2940,"401 W 147th St Unit *, New York, NY 10031"
1550000,1,1,2470,"101 W 24th St Unit 6C, New York, NY 10011"
10785000,3,3,3520,"500 W 18th St Unit WEST_29C, New York, NY 10011"
4475000,2,2,867,"500 W 18th St Unit WEST_8B, New York, NY 10011"
17500000,5,5,2695,"200 E 75th St Ph 2, New York, NY 10021"
3300000,2,2,1318,"200 E 75th St Unit 5C, New York, NY 10021"
485000,2,2,4230,"2260 Benson Ave Unit 4C, Brooklyn, NY 11214"
735000,0,0,1491,"22-18 Jackson Ave #914, New York, NY 11101"
749000,1,1,1300,"417 Riverside Dr Unit 11C, New York, NY 10025"
615000,3,3,475,"71-36 163rd St #3, New York, NY 11414"
17995000,6,6,675,"4 E 77th St, New York, NY 10075"
1295000,1,1,1048,"80 Chambers St Unit 13C, New York, NY 10007"
2695000,2,2,11395,"1095 Park Ave Unit 3A, New York, NY 10128"
749000,1,1,1056,"532 W 111th St #74, New York, NY 10025"
530000,5,5,8700,"106 Marshall St, Elizabeth City, NJ 07206-1639"
950000,0,0,2008,"70 Little West St Unit 4J, New York, NY 10280"
25000000,1,1,1033,"15 E 30th St Unit 21E, New York, NY 10016"
399999,1,1,708,"39-65 51st St Unit 6F, New York, NY 11377"
789000,3,3,3500,"1324 E Gun Hill Rd, New York, NY 10469"
729000,2,2,2760,"116 Pinehurst Ave Unit C25, New York, NY 10033"
389000,2,2,1050,"21-30 202nd St Unit 1-200, Bayside, NY 11360"
1280000,2,2,1124,"19-19 24th Ave Unit L215, New York, NY"
898000,3,3,4937,"47-11 189th St, Flushing, NY 11358"
695000,3,3,1865,"1312 Blake Ave Unit Entire Building, Brooklyn, NY 11208"
279000,2,2,1.67,"198-52 Pompeii Ave Unit 1D, Hollis, NY 11423"
899000,3,3,1396,"2575 Palisade Ave Unit 4KJ, Bronx, NY 10463"
1300000,12,12,2000,"17-19 Stanhope St Unit Entire Building, New York, NY 11385"
495000,1,1,1544,"111-14 76th Ave #310, Forest Hills, NY 11375"
469000,1,1,2200,"66-06 70th St Unit 3B, Middle Village, NY 11379"
535000,1,1,1600,"35 E 30th St Unit 3E, New York, NY 10016"
365000,2,2,4875,"150-40 71st Ave Unit 1G, Flushing, NY 11367"
1995000,5,5,2499,"3 Claver Pl Unit entire building, Brooklyn, NY 11238"
475000,3,3,873,"12427 Flatland Ave Unit 16BD, Brooklyn, NY 11208"
1099000,5,5,640,"76 Lake, Gravesend, NY 11223"
1300000,12,12,2286,"17-19 Stanhope St, Flushing, NY 11385"
565000,2,2,1784,"61-15 97th St Unit 14f, Rego Park, NY 11374"
925000,3,3,41670,"1138 Ocean Ave Unit 6A, Midwood, NY 11230"
399000,0,0,6376,"37-30 73rd St Unit 5M, Jackson Heights, NY 11372"
389000,1,1,2580,"110-11 72nd Ave Unit 1J, Forest Hills, NY 11375"
575000,1,1,1646,"234 W 16th St Unit 1A, New York, NY 10011"
475000,0,0,2014,"225 E 46th St Unit 12F, New York, NY 10017"
550000,0,0,2012,"1406 Richmond Ave, Staten Island, NY 10314"
330000,2,2,1344,"1920 E Bell Rd #1116, Phoenix, AZ 85022"
641000,4,4,2100,"6401 E Thunderbird Rd, Scottsdale, AZ 85254"
1125000,4,4,8800,"16622 N 51st St, Scottsdale, AZ 85254"
500000,2,2,3573,"11229 S Tomah St, Phoenix, AZ 85044"
850000,5,5,10454.4,"16810 S 14th Dr, Phoenix, AZ 85045"
464000,4,4,1716,"8710 S 50th Dr, Laveen, AZ 85339"
416000,4,4,7781,"3347 W LA Salle St, Phoenix, AZ 85041"
925000,6,6,2973,"30 W Culver St, Phoenix, AZ 85003"
410000,5,5,12632.4,"2936 S 73rd Ln, Phoenix, AZ 85043"
1450000,4,4,2182,"6310 E Montreal Pl, Scottsdale, AZ 85254"
760000,5,5,9591,"18321 N 28th Pl, Phoenix, AZ 85032"
389000,3,3,2165,"2641 W Gaby Rd, Phoenix, AZ 85041"
800000,4,4,5921,"4713 W Barko Ln, New River, AZ 85087"
495000,3,3,2304,"8555 S 40th Dr, Laveen, AZ 85339"
1425000,6,6,6120,"2112 E Kerry Ln, Phoenix, AZ 85024"
575000,2,2,3171,"2310 N Dayton St, Phoenix, AZ 85006"
559000,3,3,10890.0,"13844 N 11th St, Phoenix, AZ 85022"
489000,2,2,3220,"3635 E Turney Ave #14, Phoenix, AZ 85018"
949000,4,4,5500,"5443 E Grovers Ave, Scottsdale, AZ 85254"
2149000,4,4,1686,"4311 E Campbell Ave, Phoenix, AZ 85018"
895000,4,4,4926,"6110 E Nisbet Rd, Scottsdale, AZ 85254"
600000,4,4,3084,"4807 E Abraham Ln, Phoenix, AZ 85054"
360000,3,3,12632.4,"1154 E Beryl Ave, Phoenix, AZ 85020"
230000,2,2,1576,"2628 W Missouri Ave, Phoenix, AZ 85017"
525000,3,3,1777,"20287 N 51st Dr, Glendale, AZ 85308"
209000,2,2,1679,"7126 N 19th Ave #212, Phoenix, AZ 85021"
1700000,2,2,5491,"7180 E Kierland Blvd #510, Scottsdale, AZ 85254"
295000,2,2,4535,"2044 N 78th Gln, Phoenix, AZ 85035"
259000,2,2,1.03,"8331 N 21st Dr Unit H205, Phoenix, AZ 85021"
355000,4,4,1033,"6007 W Cheery Lynn Rd, Phoenix, AZ 85033"
335000,3,3,5862,"4505 W Continental Dr, Glendale, AZ 85308"
325000,3,3,1824,"5209 N 18th Dr, Phoenix, AZ 85015"
1395000,3,3,8831,"4547 N 52nd Pl, Phoenix, AZ 85018"
789900,4,4,1500,"4627 E Night Glow Dr, Cave Creek, AZ 85331"
435000,3,3,641,"7701 S 47th Ln, Laveen, AZ 85339"
305000,2,2,2866,"3230 E Pinchot Ave #7, Phoenix, AZ 85018"
350000,3,3,10018.8,"1920 W Eugie Ave, Phoenix, AZ 85029"
385000,3,3,3319,"1102 W Peoria Ave #11, Phoenix, AZ 85029"
675000,4,4,6380,"4345 W Chama Dr, Glendale, AZ 85310"
330000,2,2,1344,"1920 E Bell Rd #1116, Phoenix, AZ 85022"
641000,4,4,2100,"6401 E Thunderbird Rd, Scottsdale, AZ 85254"
1125000,4,4,8800,"16622 N 51st St, Scottsdale, AZ 85254"
500000,2,2,3573,"11229 S Tomah St, Phoenix, AZ 85044"
850000,5,5,10454.4,"16810 S 14th Dr, Phoenix, AZ 85045"
464000,4,4,1716,"8710 S 50th Dr, Laveen, AZ 85339"
416000,4,4,7781,"3347 W LA Salle St, Phoenix, AZ 85041"
925000,6,6,2973,"30 W Culver St, Phoenix, AZ 85003"
410000,5,5,12632.4,"2936 S 73rd Ln, Phoenix, AZ 85043"
1450000,4,4,2182,"6310 E Montreal Pl, Scottsdale, AZ 85254"
760000,5,5,9591,"18321 N 28th Pl, Phoenix, AZ 85032"
389000,3,3,2165,"2641 W Gaby Rd, Phoenix, AZ 85041"
800000,4,4,5921,"4713 W Barko Ln, New River, AZ 85087"
495000,3,3,2304,"8555 S 40th Dr, Laveen, AZ 85339"
590000,4,4,2029,"4383 E Saint John Rd, Phoenix, AZ 85032"
204000,2,2,6868,"15439 N 28th St #1, Phoenix, AZ 85032"
725000,6,6,870,"3345 W Montello Rd, Phoenix, AZ 85086"
1350000,5,5,846,"14203 N 70th Pl, Scottsdale, AZ 85254"
544990,4,4,3637,"7030 W Coles Rd, Laveen, AZ 85339"
590990,5,5,6791,"7051 W Winston Dr, Laveen, AZ 85339"
1695000,4,4,3655,"4438 E Marion Way, Phoenix, AZ 85018"
375000,3,3,9008,"1610 W Eva St, Phoenix, AZ 85021"
572990,4,4,2592,"7040 W Winston Dr, Laveen, AZ 85339"
349900,2,2,8394,"6407 W Sonora St, Phoenix, AZ 85043"
220000,1,1,3018,"2228 N 52nd St #221, Phoenix, AZ 85008"
635995,3,3,6500,"4817 W Stargazer Pl, Laveen, AZ 85339"
485000,4,4,3000,"4924 W Leodra Ln, Laveen, AZ 85339"
449900,4,4,24393.6,"5224 W Shumway Farm Rd, Laveen, AZ 85339"
397000,5,5,1894,"2844 N 57th Dr, Phoenix, AZ 85035"
380000,1,1,6734,"475 N 9th St #310, Phoenix, AZ 85006"
895000,4,4,2886,"15833 N 51st Pl, Scottsdale, AZ 85254"
499000,3,3,6500,"40905 N 10th St, Phoenix, AZ 85086"
360000,3,3,1002,"6226 S 39th Ave, Phoenix, AZ 85041"
649900,4,4,5319,"3038 E Avalon Dr, Phoenix, AZ 85016"
559900,3,3,660,"1117 E Garfield St, Phoenix, AZ 85006"
525000,4,4,2510,"42806 N Hudson Trl, Anthem, AZ 85086"
450000,4,4,7200,"2440 E Vista Dr, Phoenix, AZ 85032"
15650000,6,6,3033,"4556 N 56th St, Phoenix, AZ 85018"
595000,2,2,6642,"5522 E Shaw Butte Dr, Scottsdale, AZ 85254"
575000,2,2,2368,"1 E Lexington Ave #601, Phoenix, AZ 85012"
985000,3,3,4950,"6522 E Camino de Los Ranchos --, Scottsdale, AZ 85254"
355000,2,2,2182,"5330 N 3rd Ave, Phoenix, AZ 85013"
330000,2,2,12196.8,"3326 W Wahalla Ln, Phoenix, AZ 85027"
285000,3,3,744,"2912 E Monroe St, Phoenix, AZ 85034"
267500,1,1,2487,"12222 N Paradise Village Pkwy S #447, Phoenix, AZ 85032"
387500,3,3,13939.2,"4220 S 76th Ave, Phoenix, AZ 85043"
459000,3,3,1843,"1133 E Townley Ave, Phoenix, AZ 85020"
780000,4,4,1.39,"3234 W Rapalo Rd, Phoenix, AZ 85086"
390000,3,3,1510,"3050 W Charter Oak Rd, Phoenix, AZ 85029"
499000,3,3,7475,"2022 N 40th St, Phoenix, AZ 85008"
649900,3,3,2819,"18819 N 39th Way, Phoenix, AZ 85050"
2195000,4,4,6887,"1945 E Aurelius Ave, Phoenix, AZ 85020"
285000,2,2,1827,"2929 W Cypress St, Phoenix, AZ 85009"
399900,2,2,959,"1118 E Fern Dr S, Phoenix, AZ 85014"
725000,5,5,6094,"4953 W La Puente Ave, Laveen, AZ 85339"
530000,7,7,3475,"4546 N 111th Dr, Phoenix, AZ 85037"
295000,2,2,7380,"1129 S 10th St, Phoenix, AZ 85034"
174000,2,2,3997,"2233 E Behrend Dr #126, Phoenix, AZ 85024"
390000,3,3,7500,"3455 W Frier Dr, Phoenix, AZ 85051"
950000,4,4,780,"31509 N 19th Ave, Phoenix, AZ 85085"
249500,2,2,6670,"3511 E Baseline Rd #1118, Phoenix, AZ 85042"
1275000,4,4,960,"2516 W Joy Ranch Rd, Phoenix, AZ 85086"
335000,2,2,1152,"3302 N 7th St #233, Phoenix, AZ 85014"
199900,1,1,1494,"3511 E Baseline Rd #1239, Phoenix, AZ 85042"
405000,3,3,9091,"9125 W Serrano St, Phoenix, AZ 85037"
490000,4,4,3402,"6122 W Fallen Leaf Ln, Glendale, AZ 85310"
2150000,4,4,10890.0,"4132 N 44th Pl, Phoenix, AZ 85018"
395000,3,3,890,"10709 N 36th Ave, Phoenix, AZ 85029"
379000,2,2,2808,"19809 N 49th Ave, Glendale, AZ 85308"
535000,2,2,1.15,"6548 N Maryland Cir, Phoenix, AZ 85013"
2200000,5,5,1217,"6310 E Dove Valley Rd, Cave Creek, AZ 85331"
549900,4,4,578,"3912 E Sunnyside Dr, Phoenix, AZ 85028"
225000,2,2,1564,"11666 N 28th Dr #277, Phoenix, AZ 85029"
580000,4,4,6041,"3626 E Goldfinch Gate Ln, Phoenix, AZ 85044"
269900,2,2,2018,"6230 N 33rd Ave #120, Phoenix, AZ 85017"
425000,2,2,6769,"3411 N 36th Pl, Phoenix, AZ 85018"
500000,3,3,2897,"1610 W Lynwood St, Phoenix, AZ 85007"
1599000,4,4,9139,"2817 E Elm St, Phoenix, AZ 85016"
227000,1,1,1662,"10610 S 48th St #2096, Phoenix, AZ 85044"
2495000,4,4,7361,"5011 E Cheery Lynn Rd, Phoenix, AZ 85018"
2050000,4,4,1114,"4501 E Cheery Lynn Rd, Phoenix, AZ 85018"
650000,3,3,3706,"8608 S 23rd Pl, Phoenix, AZ 85042"
295000,2,2,1530,"6348 N 7th Ave #11, Phoenix, AZ 85013"
399000,3,3,7500,"4201 W Townley Ave, Phoenix, AZ 85051"
625000,4,4,4162,"1402 E Briarwood Ter, Phoenix, AZ 85048"
260000,2,2,1.17,"15601 N 27th St #11, Phoenix, AZ 85032"
1399999,4,4,1807,"2053 N 37th Pl, Phoenix, AZ 85008"
399900,1,1,8923,"4540 N 44th St #44, Phoenix, AZ 85018"
950000,4,4,874,"3229 E Clarendon Ave, Phoenix, AZ 85018"
480000,5,5,2178,"2337 W Maricopa St, Phoenix, AZ 85009"
589990,3,3,7701,"2247 W Paso Trl, Phoenix, AZ 85085"
464900,3,3,975,"23853 N 39th Ln, Glendale, AZ 85310"
1460000,4,4,944,"42507 N Back Creek Way, Anthem, AZ 85086"
325000,2,2,875,"11 E Vogel Ave, Phoenix, AZ 85020"
400000,2,2,6530,"4201 E Camelback Rd #29, Phoenix, AZ 85018"
615000,3,3,1135,"1101 E Wescott Dr, Phoenix, AZ 85024"
1030000,3,3,2663,"3434 E Sells Dr, Phoenix, AZ 85018"
215000,2,2,9187,"6812 N 35th Ave Unit C, Phoenix, AZ 85017"
270000,2,2,1790,"1720 E Thunderbird Rd #1061, Phoenix, AZ 85022"
550000,5,5,6817,"3820 W Bloomfield Rd, Phoenix, AZ 85029"
1035000,4,4,987,"5102 E Larkspur Dr, Scottsdale, AZ 85254"
157900,2,2,1172,"2701 E Utopia Rd #201, Phoenix, AZ 85050"
898900,2,2,886,"4202 N 41st Pl, Phoenix, AZ 85018"
299990,2,2,2359,"4836 S 20th Pl, Phoenix, AZ 85040"
415000,5,5,6871,"4826 N 63rd Ave, Phoenix, AZ 85033"
875000,3,3,2244,"3301 E Campbell Ave, Phoenix, AZ 85018"
656995,4,4,14374.8,"4832 W Stargazer Pl, Laveen, AZ 85339"
849999,5,5,950,"1751 W Sienna Bouquet Pl, Phoenix, AZ 85085"
550000,4,4,2500,"16208 S 17th Dr, Phoenix, AZ 85045"
395000,2,2,1050,"4206 N 38th St #4, Phoenix, AZ 85018"
1200000,4,4,12632.4,"43 E Desert Hills Dr, Phoenix, AZ 85086"
355000,3,3,6003,"3830 E Lakewood Pkwy E #1158, Phoenix, AZ 85048"
470000,3,3,2007,"4129 E Zia St, Phoenix, AZ 85044"
325000,3,3,7562,"1021 W Lydia Ln, Phoenix, AZ 85041"
420000,4,4,1764,"9127 W Monte Vista Rd, Phoenix, AZ 85037"
480000,3,3,7301,"2701 E Villa Rita Dr, Phoenix, AZ 85032"
429000,2,2,2024,"4928 E Hazel Dr #3, Phoenix, AZ 85044"
300000,4,4,7218,"2913 W Almeria Rd, Phoenix, AZ 85009"
649990,3,3,2836,"25829 N 23rd Ave, Phoenix, AZ 85085"
395000,3,3,9697,"7417 W ST Catherine Ave, Laveen, AZ 85339"
415000,3,3,2354,"3243 E Maldonado Dr, Phoenix, AZ 85042"
440000,2,2,3956,"525 E Willetta St #9, Phoenix, AZ 85004"
849999,3,3,910,"22608 N 39th Ter, Phoenix, AZ 85050"
500000,2,2,3058,"2329 N 12th St, Phoenix, AZ 85006"
995000,4,4,1.00,"1426 W Port AU Prince Ln, Phoenix, AZ 85023"
599995,4,4,1265,"2202 W Berridge Ln, Phoenix, AZ 85015"
279000,2,2,1948,"2033 W Elm St, Phoenix, AZ 85015"
479900,3,3,11761.2,"4348 E Campo Bello Dr, Phoenix, AZ 85032"
449500,5,5,1349,"5701 W Hazelwood St, Phoenix, AZ 85031"
950000,4,4,4344,"16825 S 12th Way, Phoenix, AZ 85048"
499500,2,2,2137,"11245 S Shoshoni Dr, Phoenix, AZ 85044"
649999,4,4,3040,"14602 N 10th St, Phoenix, AZ 85022"
415000,2,2,10018.8,"4203 N 36th St #24, Phoenix, AZ 85018"
340000,4,4,876,"3432 N 63rd Ave, Phoenix, AZ 85033"
589000,4,4,1470,"1212 E Desert Dr, Phoenix, AZ 85042"
340000,2,2,910,"2611 W Emile Zola Ave W, Phoenix, AZ 85029"
560000,3,3,6451,"15649 S 43rd Pl, Phoenix, AZ 85048"
480000,3,3,2084,"9430 W Minnezona Ave, Phoenix, AZ 85037"
450000,3,3,11325.6,"5317 W Beautiful Ln, Laveen, AZ 85339"
245500,2,2,1433,"6565 N 19th Ave #7, Phoenix, AZ 85015"
419900,4,4,2094,"3730 W Hatcher Rd, Phoenix, AZ 85051"
1900000,4,4,1863,"4540 E Via Los Caballos --, Phoenix, AZ 85028"
450000,4,4,6155,"6406 S 18th St, Phoenix, AZ 85042"
389000,3,3,1924,"4335 W Altadena Ave, Glendale, AZ 85304"
364995,4,4,5625,"3739 W Catalina Dr, Phoenix, AZ 85019"
399000,3,3,2233,"4912 W Tonto Rd, Glendale, AZ 85308"
389900,2,2,8125,"5122 E Shea Blvd #1047, Scottsdale, AZ 85254"
825000,3,3,1152,"110 E Harmont Dr, Phoenix, AZ 85020"
499990,3,3,531,"2919 W Woodridge Dr, Phoenix, AZ 85053"
4750000,6,6,2189,"5929 E Indian School Rd, Phoenix, AZ 85018"
375000,3,3,7745,"9620 N 43rd Dr, Glendale, AZ 85302"
529000,4,4,3634,"3220 W Cinnabar Ave, Phoenix, AZ 85051"
335000,3,3,33541.2,"8423 W Mackenzie Dr, Phoenix, AZ 85037"
869000,3,3,2071,"6332 E Crocus Dr, Scottsdale, AZ 85254"
310000,2,2,6853,"3830 E Lakewood Pkwy W #2166, Phoenix, AZ 85048"
1488000,5,5,1224,"5131 N 34th Way, Phoenix, AZ 85018"
260000,1,1,6364,"4750 N Central Ave Unit B10, Phoenix, AZ 85012"
639000,3,3,1696,"1701 W Orchid Ln, Phoenix, AZ 85021"
795000,1,1,6290,"6502 N Central Ave Unit A202, Phoenix, AZ 85012"
419900,4,4,1593,"3639 W Charter Oak Rd, Phoenix, AZ 85029"
530000,3,3,4706,"5518 W Andrea Dr, Phoenix, AZ 85083"
750000,4,4,1086,"848 E Coral Gables Dr, Phoenix, AZ 85022"
750000,3,3,2560,"2323 N Central Ave #301, Phoenix, AZ 85004"
459900,4,4,12632.4,"14207 N 51st Dr, Glendale, AZ 85306"
395000,2,2,1670,"1829 E Cypress St, Phoenix, AZ 85006"
1450000,5,5,11761.2,"3126 E Harwell Rd, Phoenix, AZ 85042"
1125000,3,3,4864,"42010 N Harbour Town Ct, Anthem, AZ 85086"
375000,3,3,24393.6,"2202 W Runion Dr, Phoenix, AZ 85027"
479000,4,4,1374,"4407 W Maldonado Rd, Laveen, AZ 85339"
525000,2,2,9209,"117 W Glenrosa Ave, Phoenix, AZ 85013"
284900,2,2,1876,"10030 W Indian School Rd #213, Phoenix, AZ 85037"
325000,1,1,1189,"4644 N 22nd St #2149, Phoenix, AZ 85016"
685000,3,3,2338,"4922 W Carpenter Dr, New River, AZ 85087"
345000,4,4,12196.8,"1514 W Cochise Dr, Phoenix, AZ 85021"
620000,3,3,1212,"27413 N 16th Ln, Phoenix, AZ 85085"
415000,3,3,6024,"507 E Thunderbird Trl, Phoenix, AZ 85042"
385000,1,1,1504,"5450 E Deer Valley Dr #3190, Phoenix, AZ 85054"
699000,3,3,9105,"4634 E Happy Coyote Trl, Cave Creek, AZ 85331"
820000,3,3,1881,"24035 N 45th Dr, Glendale, AZ 85310"
539000,4,4,11761.2,"2425 W Crocus Dr, Phoenix, AZ 85023"
1649900,5,5,797,"13809 S 32nd Pl, Phoenix, AZ 85044"
598000,3,3,2121,"2310 W Bent Tree Dr, Phoenix, AZ 85085"
289999,2,2,7684,"2577 W Monte Cristo Ave, Phoenix, AZ 85023"
1225000,5,5,2424,"2332 E Chama Dr, Phoenix, AZ 85024"
1200000,4,4,20037.6,"5402 E Everett Dr, Scottsdale, AZ 85254"
365000,3,3,2374,"3208 W Lisbon Ln, Phoenix, AZ 85053"
700000,4,4,9146,"41821 N Bridlewood Way, Phoenix, AZ 85086"
420000,3,3,6430,"2606 E Fawn Dr, Phoenix, AZ 85042"
559000,4,4,20037.6,"7230 S 28th Ln, Phoenix, AZ 85041"
1275000,4,4,2313,"1529 W Port AU Prince Ln, Phoenix, AZ 85023"
675000,5,5,6246,"7943 W Atlantis Way, Phoenix, AZ 85043"
447990,4,4,1225,"5610 W Willow Ridge Dr, Laveen, AZ 85339"
2100000,5,5,1272,"4318 E Cheery Lynn Rd, Phoenix, AZ 85018"
430990,3,3,4288,"5618 W Willow Ridge Dr, Laveen, AZ 85339"
675000,4,4,13068.0,"35742 N 32nd Ln, Phoenix, AZ 85086"
490000,3,3,2524,"1215 E Cambridge Ave, Phoenix, AZ 85006"
860075,4,4,14374.8,"6045 E Ringtail Way, Phoenix, AZ 85054"
370000,3,3,1263,"7026 W Encanto Blvd, Phoenix, AZ 85035"
339900,2,2,6138,"2343 N 83rd Dr, Phoenix, AZ 85037"
349000,3,3,2792,"6621 W Miami St, Phoenix, AZ 85043"
310000,3,3,9042,"1720 W Claremont St, Phoenix, AZ 85015"
360000,3,3,1309,"4053 W Northview Ave, Phoenix, AZ 85051"
895900,4,4,2595,"14018 N 49th St, Scottsdale, AZ 85254"
380000,3,3,7800,"5650 W Vineyard Rd, Laveen, AZ 85339"
2095000,4,4,3875,"6315 E Corrine Dr, Scottsdale, AZ 85254"
510000,3,3,2975,"3809 W Misty Willow Ln, Glendale, AZ 85310"
599995,3,3,7584,"118 E Galvin St, Phoenix, AZ 85086"
1050000,2,2,1912,"5205 N 25th Pl, Phoenix, AZ 85016"
165000,2,2,5750,"3901 E Pinnacle Peak Rd #42, Phoenix, AZ 85050"
1099000,4,4,2017,"5102 E Presidio Rd, Scottsdale, AZ 85254"
230000,3,3,14810.4,"3645 N 69th Ave #22, Phoenix, AZ 85033"
98000,3,3,700,"15601 N 19th Ave #143, Phoenix, AZ 85023"
329000,3,3,960,"5421 W Burton Dr, Phoenix, AZ 85043"
429999,4,4,21.43,"5617 S 30th Gln, Phoenix, AZ 85041"
405000,4,4,1400,"2543 E Marguerite Ave, Phoenix, AZ 85040"
1350000,5,5,2736,"16236 N 51st St, Scottsdale, AZ 85254"
1595000,8,8,1840,"3123 W Almeria Rd, Phoenix, AZ 85009"
351900,3,3,5400,"2028 N 78th Ave, Phoenix, AZ 85035"
450000,3,3,1478,"1937 W Northview Ave, Phoenix, AZ 85021"
1199000,5,5,7431,"5520 E Muriel Dr, Scottsdale, AZ 85254"
390000,3,3,3538,"10934 W College Dr, Phoenix, AZ 85037"
329000,2,2,1383,"10333 W Calle Del Oro --, Phoenix, AZ 85037"
750000,4,4,2176,"3701 E Laurel Ln, Phoenix, AZ 85028"
290000,2,2,1931,"11026 N 28th Dr #73, Phoenix, AZ 85029"
182000,1,1,8164,"4545 N 67th Ave #1429, Phoenix, AZ 85033"
515000,4,4,4056,"15837 N 25th Ave, Phoenix, AZ 85023"
585990,4,4,11325.6,"29215 N 31st Ln, Phoenix, AZ 85083"
625000,4,4,1902,"1319 W Sells Dr W, Phoenix, AZ 85013"
599000,3,3,4165,"4606 E Monte Way, Phoenix, AZ 85044"
650000,5,5,1490,"3418 W Ian Dr W, Laveen, AZ 85339"
750000,3,3,744,"1032 E Irvine Rd, Phoenix, AZ 85086"
574777,6,6,1030,"6820 S 68th Dr, Laveen, AZ 85339"
375000,3,3,6003,"3302 E Taylor St, Phoenix, AZ 85008"
360000,5,5,2158,"2808 W Lawrence Ln, Phoenix, AZ 85051"
440000,3,3,7075,"4221 W Valley View Dr, Laveen, AZ 85339"
824900,4,4,1036,"2147 E Goldenrod St, Phoenix, AZ 85048"
223000,1,1,769,"3230 E Pinchot Ave #2, Phoenix, AZ 85018"
485000,3,3,697,"2937 W Anderson Dr, Phoenix, AZ 85053"
660000,2,2,1851,"15221 N Clubgate Dr #1150, Scottsdale, AZ 85254"
299000,3,3,10454.4,"7726 W Glenrosa Ave, Phoenix, AZ 85033"
349900,3,3,1946,"1024 S 3rd Ave, Phoenix, AZ 85003"
295000,2,2,5175,"16013 S Desert Foothills Pkwy #1140, Phoenix, AZ 85048"
739900,4,4,1850,"2020 E Taxidea Way, Phoenix, AZ 85048"
329900,2,2,9270,"9414 N 11th Pl, Phoenix, AZ 85020"
409900,3,3,1686,"5117 W Acoma Dr, Glendale, AZ 85306"
520000,3,3,6347,"3358 W Sousa Dr, Anthem, AZ 85086"
420000,3,3,1765,"1044 E Clinton St, Phoenix, AZ 85020"
365000,2,2,4578,"2725 E Mine Creek Rd #2166, Phoenix, AZ 85024"
925000,4,4,1091,"1827 E South Fork Dr, Phoenix, AZ 85048"
529900,4,4,1967,"7541 N 35th Dr, Phoenix, AZ 85051"
375000,3,3,2894,"4624 E Cheyenne Dr, Phoenix, AZ 85044"
916000,4,4,13939.2,"16626 N 43rd St, Phoenix, AZ 85032"
509000,4,4,2535,"10662 N 33rd Pl, Phoenix, AZ 85028"
599000,4,4,15681.6,"2423 W Crimson Ter, Phoenix, AZ 85085"
255000,1,1,1209,"1012 E Osborn Rd Unit C, Phoenix, AZ 85014"
354000,3,3,7471,"1414 E Romley Ave, Phoenix, AZ 85040"
335000,1,1,2218,"114 W Adams St #704, Phoenix, AZ 85003"
307000,2,2,27878.4,"2621 W Willow Ave, Phoenix, AZ 85029"
875000,4,4,2309,"4532 E Grandview Rd, Phoenix, AZ 85032"
844000,3,3,6527,"2366 E Sahuaro Dr, Phoenix, AZ 85028"
1145000,3,3,2162,"14025 N 16th St, Phoenix, AZ 85022"
359000,3,3,6050,"7343 W Vernon Ave, Phoenix, AZ 85035"
640000,4,4,745,"1731 E Windsong Dr, Phoenix, AZ 85048"
722000,4,4,72,"16040 N 46th Pl, Phoenix, AZ 85032"
214900,1,1,1352,"3828 N 32nd St #102, Phoenix, AZ 85018"
314000,2,2,2300,"7827 W Palm Ln, Phoenix, AZ 85035"
960000,4,4,751,"938 E Coronado Rd, Phoenix, AZ 85006"
425000,4,4,10018.8,"110 E Valley View Dr, Phoenix, AZ 85042"
472000,4,4,2114,"16036 N 11th Ave #1067, Phoenix, AZ 85023"
1649000,4,4,10890.0,"3808 E Fairmount Ave, Phoenix, AZ 85018"
420000,3,3,1765,"1044 E Clinton St, Phoenix, AZ 85020"
365000,2,2,4578,"2725 E Mine Creek Rd #2166, Phoenix, AZ 85024"
925000,4,4,1091,"1827 E South Fork Dr, Phoenix, AZ 85048"
529900,4,4,1967,"7541 N 35th Dr, Phoenix, AZ 85051"
375000,3,3,2894,"4624 E Cheyenne Dr, Phoenix, AZ 85044"
916000,4,4,13939.2,"16626 N 43rd St, Phoenix, AZ 85032"
509000,4,4,2535,"10662 N 33rd Pl, Phoenix, AZ 85028"
599000,4,4,15681.6,"2423 W Crimson Ter, Phoenix, AZ 85085"
255000,1,1,1209,"1012 E Osborn Rd Unit C, Phoenix, AZ 85014"
354000,3,3,7471,"1414 E Romley Ave, Phoenix, AZ 85040"
335000,1,1,2218,"114 W Adams St #704, Phoenix, AZ 85003"
307000,2,2,27878.4,"2621 W Willow Ave, Phoenix, AZ 85029"
875000,4,4,2309,"4532 E Grandview Rd, Phoenix, AZ 85032"
844000,3,3,6527,"2366 E Sahuaro Dr, Phoenix, AZ 85028"
1145000,3,3,2162,"14025 N 16th St, Phoenix, AZ 85022"
359000,3,3,6050,"7343 W Vernon Ave, Phoenix, AZ 85035"
640000,4,4,745,"1731 E Windsong Dr, Phoenix, AZ 85048"
722000,4,4,72,"16040 N 46th Pl, Phoenix, AZ 85032"
214900,1,1,1352,"3828 N 32nd St #102, Phoenix, AZ 85018"
314000,2,2,2300,"7827 W Palm Ln, Phoenix, AZ 85035"
960000,4,4,751,"938 E Coronado Rd, Phoenix, AZ 85006"
425000,4,4,10018.8,"110 E Valley View Dr, Phoenix, AZ 85042"
472000,4,4,2114,"16036 N 11th Ave #1067, Phoenix, AZ 85023"
1649000,4,4,10890.0,"3808 E Fairmount Ave, Phoenix, AZ 85018"
420000,3,3,1765,"1044 E Clinton St, Phoenix, AZ 85020"
365000,2,2,4578,"2725 E Mine Creek Rd #2166, Phoenix, AZ 85024"
925000,4,4,1091,"1827 E South Fork Dr, Phoenix, AZ 85048"
529900,4,4,1967,"7541 N 35th Dr, Phoenix, AZ 85051"
375000,3,3,2894,"4624 E Cheyenne Dr, Phoenix, AZ 85044"
916000,4,4,13939.2,"16626 N 43rd St, Phoenix, AZ 85032"
509000,4,4,2535,"10662 N 33rd Pl, Phoenix, AZ 85028"
599000,4,4,15681.6,"2423 W Crimson Ter, Phoenix, AZ 85085"
255000,1,1,1209,"1012 E Osborn Rd Unit C, Phoenix, AZ 85014"
354000,3,3,7471,"1414 E Romley Ave, Phoenix, AZ 85040"
335000,1,1,2218,"114 W Adams St #704, Phoenix, AZ 85003"
307000,2,2,27878.4,"2621 W Willow Ave, Phoenix, AZ 85029"
875000,4,4,2309,"4532 E Grandview Rd, Phoenix, AZ 85032"
844000,3,3,6527,"2366 E Sahuaro Dr, Phoenix, AZ 85028"
1145000,3,3,2162,"14025 N 16th St, Phoenix, AZ 85022"
359000,3,3,6050,"7343 W Vernon Ave, Phoenix, AZ 85035"
640000,4,4,745,"1731 E Windsong Dr, Phoenix, AZ 85048"
722000,4,4,72,"16040 N 46th Pl, Phoenix, AZ 85032"
214900,1,1,1352,"3828 N 32nd St #102, Phoenix, AZ 85018"
314000,2,2,2300,"7827 W Palm Ln, Phoenix, AZ 85035"
960000,4,4,751,"938 E Coronado Rd, Phoenix, AZ 85006"
425000,4,4,10018.8,"110 E Valley View Dr, Phoenix, AZ 85042"
472000,4,4,2114,"16036 N 11th Ave #1067, Phoenix, AZ 85023"
1649000,4,4,10890.0,"3808 E Fairmount Ave, Phoenix, AZ 85018"
